,countries,year,consumption,production,income
0,Algeria,1965,0.10811035699999999,2.221001053,3327.99122
1,Argentina,1965,0.984543492,0.617347099,8022.442672
2,Australia,1965,1.4878831540000002,0.030476512999999997,13739.92688
3,Azerbaijan,1965,0.6151394225000001,0.0,3384.2660200000005
4,Brazil,1965,0.17630263399999999,0.05964401,3261.050722
5,Canada,1965,2.7357956260000003,2.229604966,15198.11009
6,China,1965,0.015430311,0.015923067,617.7634995
7,Colombia,1965,0.1819384,0.574191639,2591.012402
8,Denmark,1965,2.1464164930000003,0.0,14476.64509
9,Ecuador,1965,0.128441943,0.08331844299999999,4498.486643
10,Egypt,1965,0.218310738,0.203895178,1912.855486
11,India,1965,0.025467345,0.006087828000000001,707.3629879
12,Indonesia,1965,0.058763265999999995,0.235583755,802.6382632
13,Iran,1965,0.39998225299999995,3.816771817,4717.811036
14,Italy,1965,1.0162571409999999,0.044272973,9011.540421
15,Kazakhstan,1965,0.47406204399999996,0.0,5539.799204999999
16,Kuwait,1965,10.6380562,245.7871395,84952.1083
17,Malaysia,1965,0.20868386100000003,0.0,2245.030909
18,Mexico,1965,0.31691531300000003,0.40210524200000003,5384.967492
19,Norway,1965,1.393499491,0.0,13982.328130000002
20,Peru,1965,0.312114762,0.295995817,5430.5952130000005
21,Qatar,1965,0.341928586,158.8182699,4964.4709515
22,Romania,1965,0.375525451,0.673654932,5628.672846
23,Russia,1965,2.2325574864999997,0.0,8174.496112999999
24,Saudi Arabia,1965,4.089589522,23.18954864,14304.442159999999
25,Thailand,1965,0.072343553,0.0,1140.354963
26,Turkmenistan,1965,0.45969125425,0.0,5222.540945000001
27,United Arab Emirates,1965,1.0636644927499999,93.29125746,9399.8428665
28,United Kingdom,1965,1.365651112,0.001545541,13724.35271
29,United States,1965,2.752199035,2.144305311,21209.93252
30,Uzbekistan,1965,1.891126562,0.0,1832.0256399999998
31,Venezuela,1965,1.030054089,20.30485431,9424.824301
32,Algeria,1966,0.138431754,2.769616282,3070.753392
33,Argentina,1966,1.002474935,0.647332586,7955.974181999999
34,Australia,1966,1.559705205,0.038314516,13860.958059999999
35,Azerbaijan,1966,0.66908131725,0.0,3508.468943
36,Brazil,1966,0.186982989,0.07087547799999999,3385.4041020000004
37,Canada,1966,2.824515325,2.401226715,15884.83624
38,China,1966,0.019343017,0.019997222,657.1427738
39,Colombia,1966,0.205192415,0.5466842789999999,2657.9784050000003
40,Denmark,1966,2.410881334,0.0,14769.04015
41,Ecuador,1966,0.130319084,0.070757709,4480.751904
42,Egypt,1966,0.22858836100000002,0.19200931300000001,1879.126168
43,India,1966,0.027855592000000002,0.009163595,698.3967547
44,Indonesia,1966,0.05516669999999999,0.223975122,794.0593863
45,Iran,1966,0.430093877,4.152272699,5047.516721
46,Italy,1966,1.112109431,0.035687194,9503.610165
47,Kazakhstan,1966,0.5407880165000001,0.0,5743.110426
48,Kuwait,1966,9.322416735,234.379203,86817.70825
49,Malaysia,1966,0.24045032800000002,0.0,2297.58791
50,Mexico,1966,0.319295065,0.39994712299999996,5584.869468
51,Norway,1966,1.5657903709999998,0.0,14420.76981
52,Peru,1966,0.38139714399999997,0.287736135,5724.341356
53,Qatar,1966,0.35748458699999996,183.0330883,5209.436038
54,Romania,1966,0.38710869299999995,0.679662436,6234.446773
55,Russia,1966,2.1849264455,0.0,8474.500990999999
56,Saudi Arabia,1966,3.9827441980000002,26.38927256,15958.987990000001
57,Thailand,1966,0.08296806799999999,0.0,1231.341652
58,Turkmenistan,1966,0.46821577100000006,0.0,5414.208754
59,United Arab Emirates,1966,1.1252543330000002,111.09123770000001,9587.112378
60,United Kingdom,1966,1.4537736140000002,0.001426846,13912.62647
61,United States,1966,2.854667071,2.2539586640000002,22263.22366
62,Uzbekistan,1966,1.9311921495000002,0.0,1899.2611760000002
63,Venezuela,1966,1.007717228,19.06918292,9259.599402
64,Algeria,1967,0.12551074199999998,3.1080214010000002,3246.991771
65,Argentina,1967,1.012162115,0.695677355,8052.953020999999
66,Australia,1967,1.665971111,0.087336331,14526.12465
67,Azerbaijan,1967,0.7089329369999999,0.0,3624.7840149999997
68,Brazil,1967,0.188159112,0.08688805699999999,3429.864357
69,Canada,1967,2.9541699789999996,2.570553208,16076.58803
70,China,1967,0.018590871999999998,0.018564122,622.4543444
71,Colombia,1967,0.20042690300000002,0.51239209,2678.729839
72,Denmark,1967,2.534604431,0.0,15155.335309999999
73,Ecuador,1967,0.136550607,0.058864277,4579.074215
74,Egypt,1967,0.181350653,0.167016171,1814.880728
75,India,1967,0.028116969,0.010936092,738.5974558999999
76,Indonesia,1967,0.051727557,0.234889527,762.4317721
77,Iran,1967,0.462413006,4.934455506,5464.095552000001
78,Italy,1967,1.220279308,0.032998121,10022.40131
79,Kazakhstan,1967,0.6727082885,0.0,5933.5098020000005
80,Kuwait,1967,8.230599605,214.8904716,80894.88326
81,Malaysia,1967,0.239120842,0.0,2277.742396
82,Mexico,1967,0.33176936,0.430162128,5754.733883
83,Norway,1967,1.6136545780000002,0.0,15219.56939
84,Peru,1967,0.37424082299999994,0.314222546,5788.09333
85,Qatar,1967,0.830118087,188.6809332,5475.2267265
86,Romania,1967,0.432695696,0.690752555,6470.866545
87,Russia,1967,2.1545254995,0.0,8755.453226
88,Saudi Arabia,1967,3.876355303,27.50358823,16903.04886
89,Thailand,1967,0.08950665199999999,0.0,1295.46066
90,Turkmenistan,1967,0.51397698025,0.0,5593.7041659999995
91,United Arab Emirates,1967,1.2055716567499999,110.49697140000002,9789.4425725
92,United Kingdom,1967,1.551368995,0.001619535,14142.85089
93,United States,1967,2.9244420780000002,2.37686155,22495.68006
94,Uzbekistan,1967,1.9528224395,0.0,1962.226732
95,Venezuela,1967,0.9812028009999999,19.40157598,9541.474188
96,Algeria,1968,0.1299297,3.314211575,3519.7941159999996
97,Argentina,1968,1.019758908,0.751406136,8284.391228
98,Australia,1968,1.798000714,0.158852389,15088.558359999999
99,Azerbaijan,1968,0.8170965164999999,0.0,3799.295438
100,Brazil,1968,0.220351425,0.09305699199999999,3666.978272
101,Canada,1968,3.0803494560000004,2.728841542,16658.21328
102,China,1968,0.019748813,0.020775232,594.2723847
103,Colombia,1968,0.21887853300000001,0.45771976299999995,2770.645778
104,Denmark,1968,2.8032581530000003,0.0,15706.492269999999
105,Ecuador,1968,0.158299673,0.047742625,4690.395874
106,Egypt,1968,0.18515364399999998,0.2504041,1806.233441
107,India,1968,0.03080477,0.011050522,739.1181132
108,Indonesia,1968,0.053289580999999996,0.269629642,827.2856015
109,Iran,1968,0.497208844,5.2543548289999995,6118.784634000001
110,Italy,1968,1.336122407,0.030940821,10694.07481
111,Kazakhstan,1968,0.7881238620000001,0.0,6219.172407
112,Kuwait,1968,7.3134547,207.4636727,80502.14146
113,Malaysia,1968,0.23611704100000003,0.018467536,2416.927235
114,Mexico,1968,0.353343722,0.447465173,6036.640588
115,Norway,1968,1.753097795,0.0,15456.44256
116,Peru,1968,0.36653459,0.319028584,5568.881524
117,Qatar,1968,0.99654459,183.94056819999997,5696.968979
118,Romania,1968,0.449035281,0.6855055859999999,6461.499881000001
119,Russia,1968,2.1087567025,0.0,9176.975335
120,Saudi Arabia,1968,3.7684781239999996,28.94009835,17910.56394
121,Thailand,1968,0.11474386199999999,0.0,1361.448726
122,Turkmenistan,1968,0.23002239633333335,0.0,5863.007184
123,United Arab Emirates,1968,0.315164383,133.7131712,10174.3768905
124,United Kingdom,1968,1.637083117,0.001521385,14651.00736
125,United States,1968,3.089630374,2.445116226,23268.21419
126,Uzbekistan,1968,2.046352789,0.0,2056.69608
127,Venezuela,1968,1.0030752040000002,19.17003114,9904.458467
128,Algeria,1969,0.133069264,3.3573937560000005,3747.744528
129,Argentina,1969,1.044630152,0.766684204,8870.893961
130,Australia,1969,1.880423678,0.178659094,15647.109380000002
131,Azerbaijan,1969,0.8918701039999999,0.0,3816.384847
132,Brazil,1969,0.235884713,0.098983061,3909.480446
133,Canada,1969,3.145586761,2.915204488,17286.993290000002
134,China,1969,0.025718509,0.027438797999999997,627.7842411
135,Colombia,1969,0.202805822,0.5405225370000001,2871.6291929999998
136,Denmark,1969,3.3674035339999997,0.0,16649.143369999998
137,Ecuador,1969,0.163149355,0.036974301,4801.949129
138,Egypt,1969,0.13337173800000002,0.35038579299999995,1893.553435
139,India,1969,0.036185384,0.01241449,770.9968771000001
140,Indonesia,1969,0.055408667,0.280907019,911.0912795
141,Iran,1969,0.534595612,6.064043073,6729.717083
142,Italy,1969,1.4604279709999999,0.030045528999999998,11274.39824
143,Kazakhstan,1969,0.9345712875,0.0,6247.146536
144,Kuwait,1969,6.530196236,202.2766885,75675.70985
145,Malaysia,1969,0.237950178,0.04040772,2495.556012
146,Mexico,1969,0.36154269,0.455923953,6222.436443
147,Norway,1969,1.926060087,0.0,16050.29629
148,Peru,1969,0.351575685,0.30129328,5555.296381
149,Qatar,1969,1.0713606279999999,177.54292880000003,6092.4438035
150,Romania,1969,0.494562932,0.6770439079999999,6661.294845
151,Russia,1969,2.075570839,0.0,9218.253802
152,Saudi Arabia,1969,3.656578746,29.37915524,18751.91109
153,Thailand,1969,0.12079137599999999,0.0,1426.508711
154,Turkmenistan,1969,0.2929189396666667,0.0,5889.379266
155,United Arab Emirates,1969,0.471913685,144.0987248,10286.930181
156,United Kingdom,1969,1.755332281,0.001533104,14850.485209999999
157,United States,1969,3.21712463,2.463546901,23669.41055
158,Uzbekistan,1969,2.0932105405,0.0,2065.9471949999997
159,Venezuela,1969,0.969296451,18.46516812,9897.565723
160,Algeria,1970,0.147822832,3.5070093989999997,4003.57359
161,Argentina,1970,0.9148843959999999,0.833933148,9212.302909999999
162,Australia,1970,1.920985591,0.6838748809999999,16273.14214
163,Azerbaijan,1970,0.9767726547500001,0.0,4071.8030259999996
164,Brazil,1970,0.26212205,0.091592088,4184.068238
165,Canada,1970,3.297622975,3.226428924,17487.457130000003
166,China,1970,0.034606199,0.037624774,685.3505745
167,Colombia,1970,0.225365335,0.5513375220000001,2987.809194
168,Denmark,1970,3.729175053,0.0,16877.41804
169,Ecuador,1970,0.180997324,0.035896508,4988.613457
170,Egypt,1970,0.16911037899999998,0.45663977899999997,1977.007569
171,India,1970,0.035215598,0.012293412,791.1163005
172,Indonesia,1970,0.05736651,0.364251289,986.7327482999999
173,Iran,1970,0.57504688,6.719241072999999,7246.994783
174,Italy,1970,1.637756651,0.028167022000000003,11788.23346
175,Kazakhstan,1970,1.093359326,0.0,6665.24766
176,Kuwait,1970,5.854141716,201.55420039999998,110805.2333
177,Malaysia,1970,0.261427053,0.07882664,2587.356704
178,Mexico,1970,0.377899156,0.466161231,6450.929177
179,Norway,1970,2.139587449,0.0,16288.7192
180,Peru,1970,0.359743272,0.29302106899999997,5823.864669
181,Qatar,1970,0.857925665,166.79184540000003,80244.49872999999
182,Romania,1970,0.529020064,0.6753226999999999,6729.782265999999
183,Russia,1970,2.0342211435,0.0,9835.201434999999
184,Saudi Arabia,1970,3.5394222230000003,33.29376486,19938.92397
185,Thailand,1970,0.13688055400000002,0.0,1477.261574
186,Turkmenistan,1970,0.4370803556666667,0.0,6283.536193999999
187,United Arab Emirates,1970,0.875928787,159.2289686,13677.042790000001
188,United Kingdom,1970,1.861250321,0.002803467,15154.18472
189,United States,1970,3.3160373510000003,2.5469661230000002,23345.77367
190,Uzbekistan,1970,2.1446919,0.0,2204.214297
191,Venezuela,1970,0.9733464490000001,18.46681104,10325.6696
192,Algeria,1971,0.161514749,2.6188967030000003,3559.3499090000005
193,Argentina,1971,0.963689488,0.884918182,9408.191221
194,Australia,1971,1.9867034159999999,1.174590654,16633.1259
195,Azerbaijan,1971,1.08400189675,0.0,4139.16814
196,Brazil,1971,0.283981714,0.093481964,4554.8471549999995
197,Canada,1971,3.334613697,3.4090304739999997,18229.64274
198,China,1971,0.045945185,0.047116829000000006,699.9755192000001
199,Colombia,1971,0.238407929,0.53407539,3095.90301
200,Denmark,1971,3.708750186,0.0,17230.203869999998
201,Ecuador,1971,0.194124562,0.03485635,5122.7239549999995
202,Egypt,1971,0.17044359,0.406844279,2022.673347
203,India,1971,0.036133321,0.012679751999999999,779.2945166000001
204,Indonesia,1971,0.057904999000000006,0.37091992100000004,1023.356482
205,Iran,1971,0.61877154,7.772784316,7933.355106
206,Italy,1971,1.747128409,0.025195476,11939.21503
207,Kazakhstan,1971,1.191984452,0.0,6775.519488
208,Kuwait,1971,5.271287632,200.3847356,111654.8313
209,Malaysia,1971,0.279532257,0.29477561399999996,2713.4665649999997
210,Mexico,1971,0.387504623,0.45109361299999995,6486.919282
211,Norway,1971,2.1082864669999997,0.074947267,17044.2903
212,Peru,1971,0.346541283,0.243769752,5916.936797
213,Qatar,1971,0.7528973859999999,181.1822779,80293.69107999999
214,Romania,1971,0.531224664,0.6883550190000001,7598.175313
215,Russia,1971,1.9743591950000001,0.0,9997.917916
216,Saudi Arabia,1971,3.4174937260000005,39.94231667,22166.858480000003
217,Thailand,1971,0.148035249,0.0,1503.774105
218,Turkmenistan,1971,0.45086183333333335,0.0,6387.492875
219,United Arab Emirates,1971,0.85862422,196.5335747,13239.25583
220,United Kingdom,1971,1.8680210659999998,0.003797956,15399.07625
221,United States,1971,3.4031236369999998,2.488219279,23744.67179
222,Uzbekistan,1971,2.193913818,0.0,2240.68147
223,Venezuela,1971,0.984703999,17.18968503,10428.92807
224,Algeria,1972,0.17218400899999997,3.4312149880000002,4182.663766
225,Argentina,1972,0.934253625,0.896178191,9443.038526
226,Australia,1972,1.947888836,1.229896105,16788.62948
227,Azerbaijan,1972,0.731167701,0.0,4121.38303
228,Brazil,1972,0.318835565,0.08941174199999999,4985.711467
229,Canada,1972,3.46377729,3.880806645,18970.57086
230,China,1972,0.051497775999999995,0.053240598,702.9432554
231,Colombia,1972,0.269056849,0.47258863799999995,3264.660041
232,Denmark,1972,3.88527541,0.019593847,18059.77757
233,Ecuador,1972,0.19390344199999998,0.661935583,5280.99471
234,Egypt,1972,0.190274711,0.285279007,2024.0081469999998
235,India,1972,0.038096398999999996,0.012714895,757.8544476
236,Indonesia,1972,0.063931766,0.43951339700000003,1111.107907
237,Iran,1972,0.666772878,8.401667592999999,8985.001142000001
238,Italy,1972,1.815806892,0.02237673,12269.27378
239,Kazakhstan,1972,1.249756863,0.0,6746.406547
240,Kuwait,1972,5.345535507,192.2568801,109347.867
241,Malaysia,1972,0.30878316699999997,0.388726125,2849.09478
242,Mexico,1972,0.420942165,0.455647607,6809.406690000001
243,Norway,1972,2.169001677,0.41039369200000003,17809.79818
244,Peru,1972,0.286975474,0.24900270100000002,5937.827283
245,Qatar,1972,0.82026202,186.2873969,81068.89506
246,Romania,1972,0.561983615,0.697848317,8011.414401999999
247,Russia,1972,2.0255075555000004,0.0,9954.959025
248,Saudi Arabia,1972,3.4890314960000004,48.20272732,24837.42865
249,Thailand,1972,0.18102985600000002,0.0,1524.3589359999999
250,Turkmenistan,1972,0.512659839,0.0,6360.0472
251,United Arab Emirates,1972,0.997311595,195.52438069999997,12703.61046
252,United Kingdom,1972,1.9751201369999998,0.00595018,15895.116409999999
253,United States,1972,3.638169862,2.475461728,24654.03512
254,Uzbekistan,1972,2.3334346585,0.0,2231.053746
255,Venezuela,1972,1.028699455,15.209311600000001,10505.25966
256,Algeria,1973,0.181964688,3.380729853,4194.603349
257,Argentina,1973,0.919387637,0.856434122,9633.499469
258,Australia,1973,2.093648576,1.513818699,17429.71805
259,Azerbaijan,1973,0.789797693,0.0,4425.476369
260,Brazil,1973,0.385539129,0.088624367,5558.500196
261,Canada,1973,3.6105319760000003,4.43581969,20081.30717
262,China,1973,0.061288498,0.061038015,738.2193831000001
263,Colombia,1973,0.255610326,0.434443935,3415.4528159999995
264,Denmark,1973,3.57542911,0.02915442,18627.44319
265,Ecuador,1973,0.20905574899999999,1.718139008,5768.629785
266,Egypt,1973,0.17500974800000002,0.220753891,2040.4630530000002
267,India,1973,0.039280461,0.01212751,774.3754392999999
268,Indonesia,1973,0.07253512200000001,0.529112522,1244.572459
269,Iran,1973,0.758945205,9.526390468999999,9504.146716
270,Italy,1973,1.9022873790000001,0.020298266000000002,13133.74758
271,Kazakhstan,1973,1.4264434075,0.0,7244.185395
272,Kuwait,1973,4.712359145,165.2446201,96344.50795
273,Malaysia,1973,0.34531280700000005,0.370222428,3185.697405
274,Mexico,1973,0.43431907299999994,0.45549847600000004,7130.3356459999995
275,Norway,1973,2.162826201,0.39421586700000005,18501.34844
276,Peru,1973,0.325247675,0.263393738,6078.654114
277,Qatar,1973,0.9797935329999999,201.57274750000002,82057.80511
278,Romania,1973,0.626247907,0.701545278,8201.281326
279,Russia,1973,2.0750527025,0.0,10689.47865
280,Saudi Arabia,1973,3.523857498,57.98420422,28873.35397
281,Thailand,1973,0.186452416,0.0,1633.637271
282,Turkmenistan,1973,0.6267519763333333,0.0,6829.318796
283,United Arab Emirates,1973,1.224057293,184.0283055,19448.86083
284,United Kingdom,1973,2.0189740080000003,0.006633209,16924.42926
285,United States,1973,3.801889062,2.391911071,25741.999069999998
286,Uzbekistan,1973,2.4503759875,0.0,2395.670473
287,Venezuela,1973,1.098862913,15.33982343,10971.98513
288,Algeria,1974,0.195566427,3.0504111110000003,4320.9593079999995
289,Argentina,1974,0.9014134709999999,0.8242235790000001,9989.810115
290,Australia,1974,2.1213583209999998,1.47393615,17574.58167
291,Azerbaijan,1974,0.7059798724999999,0.0,4488.361681
292,Brazil,1974,0.40660416200000005,0.090074277,5873.8334780000005
293,Canada,1974,3.6285021889999998,4.125889014,20613.59162
294,China,1974,0.068959819,0.07225794599999999,735.3589678999999
295,Colombia,1974,0.277649169,0.38740995100000003,3557.4492090000003
296,Denmark,1974,3.180351008,0.019342743,18392.366830000003
297,Ecuador,1974,0.231997335,1.413557248,5931.367586
298,Egypt,1974,0.189005648,0.18984624,2075.4020920000003
299,India,1974,0.037580239,0.012327056000000001,764.4745868
300,Indonesia,1974,0.076339121,0.530443253,1262.4230619999998
301,Iran,1974,0.785754431,9.514698739,10072.69308
302,Italy,1974,1.839220024,0.020152835,13614.980290000001
303,Kazakhstan,1974,1.366443877,0.0,7318.130612000001
304,Kuwait,1974,4.045831926,130.93295,79178.57752
305,Malaysia,1974,0.340981655,0.321755344,3345.328852
306,Mexico,1974,0.48574066,0.554197622,7322.163184999999
307,Norway,1974,1.9282877680000001,0.428535974,19194.27337
308,Peru,1974,0.37279795200000004,0.277491809,6224.46124
309,Qatar,1974,1.235135668,169.5071614,80224.49941
310,Romania,1974,0.5725960760000001,0.704748248,8579.078736
311,Russia,1974,2.04035459,0.0,10919.459929999999
312,Saudi Arabia,1974,3.508113104,61.67867427,32254.536710000004
313,Thailand,1974,0.185264154,0.0,1665.3631070000001
314,Turkmenistan,1974,0.7501731330000001,0.0,6792.892527
315,United Arab Emirates,1974,1.605185985,174.1575435,47592.518410000004
316,United Kingdom,1974,1.873895443,0.00729918,16690.27024
317,United States,1974,3.6043530269999997,2.263313461,25281.70434
318,Uzbekistan,1974,2.3195103405,0.0,2397.219559
319,Venezuela,1974,1.0346676540000002,13.11914615,11419.9993
320,Algeria,1975,0.21088518399999998,2.8563767639999997,4489.034986
321,Argentina,1975,0.840224933,0.776899448,9766.384046
322,Australia,1975,2.057712422,1.55668212,17824.57038
323,Azerbaijan,1975,0.7126839955000001,0.0,4436.524444
324,Brazil,1975,0.410735725,0.086153304,6031.570088
325,Canada,1975,3.5056195,3.524969389,20775.505080000003
326,China,1975,0.074586826,0.08421481,767.0881218
327,Colombia,1975,0.271028215,0.354725908,3587.9546649999997
328,Denmark,1975,3.0974895,0.028890982000000003,18242.49434
329,Ecuador,1975,0.22004302399999998,1.249210557,6065.293465
330,Egypt,1975,0.204773281,0.292383752,2239.764339
331,India,1975,0.037529536,0.013314651,812.2229113
332,Indonesia,1975,0.08463459,0.49164290299999996,1229.405552
333,Iran,1975,0.866643798,8.217255772,10275.05215
334,Italy,1975,1.715765762,0.022415617000000002,13160.785329999999
335,Kazakhstan,1975,1.3054636259999999,0.0,7205.066098
336,Kuwait,1975,2.937120938,100.92488259999999,65562.3357
337,Malaysia,1975,0.364500628,0.380251568,3295.772825
338,Mexico,1975,0.530530705,0.666749013,7519.075499
339,Norway,1975,2.000592916,2.3014413609999997,20124.854519999997
340,Peru,1975,0.379823225,0.250672542,6536.700637
341,Qatar,1975,1.375625633,133.6703717,79275.51839
342,Romania,1975,0.64283037,0.705103533,8872.775322
343,Russia,1975,1.5712385254999999,0.0,10871.08788
344,Saudi Arabia,1975,2.4996466809999998,48.92234715,30827.931439999997
345,Thailand,1975,0.194580332,0.0,1707.838228
346,Turkmenistan,1975,0.9061129596666667,0.0,6585.053591
347,United Arab Emirates,1975,2.039156299,153.9365741,53499.45682
348,United Kingdom,1975,1.636778298,0.027883362999999998,16673.639519999997
349,United States,1975,3.495517045,2.144069273,24889.601730000002
350,Uzbekistan,1975,2.2293050735,0.0,2337.845236
351,Venezuela,1975,0.963093102,10.02268166,11863.66527
352,Algeria,1976,0.23449611399999998,3.060606752,4642.623411
353,Argentina,1976,0.864426282,0.7705566290000001,9611.920559
354,Australia,1976,2.11615103,1.573851308,18351.06793
355,Azerbaijan,1976,0.7746115345,0.0,4579.057689
356,Brazil,1976,0.43229019,0.081976748,6500.649899
357,Canada,1976,3.648602307,3.2159351060000003,21626.08551
358,China,1976,0.083836094,0.09364544300000001,750.7895993
359,Colombia,1976,0.283514009,0.32392550800000003,3706.2956649999996
360,Denmark,1976,3.297095992,0.038483961000000004,19400.16488
361,Ecuador,1976,0.24039547,1.421268199,6463.831699
362,Egypt,1976,0.23668519100000002,0.404792115,2532.416549
363,India,1976,0.038607984,0.013593565,803.8886807
364,Indonesia,1976,0.088075537,0.554119916,1314.6318039999999
365,Iran,1976,0.88579472,8.788877377999999,11710.24726
366,Italy,1976,1.7844698019999998,0.023348946000000002,14021.92932
367,Kazakhstan,1976,1.3575146674999998,0.0,7407.198545
368,Kuwait,1976,3.279326,98.47908498,65578.19595
369,Malaysia,1976,0.38768942799999995,0.634926697,3621.680803
370,Mexico,1976,0.571976197,0.72251431,7630.7383310000005
371,Norway,1976,2.228935381,3.390366995,21245.521630000003
372,Peru,1976,0.37476362799999996,0.258067628,6453.033246
373,Qatar,1976,1.789190885,141.2892467,81127.91913
374,Romania,1976,0.71030251,0.7035883470000001,9239.344582
375,Russia,1976,1.7411621119999998,0.0,11301.16088
376,Saudi Arabia,1976,2.7720217139999996,56.37542488,31661.4183
377,Thailand,1976,0.200146346,0.0,1823.495072
378,Turkmenistan,1976,1.1116039363333332,0.0,6665.643575
379,United Arab Emirates,1976,2.573711943,150.64553080000002,52628.36225
380,United Kingdom,1976,1.6235127580000002,0.216249198,17050.63392
381,United States,1976,3.718348147,2.070876316,25881.720230000003
382,Uzbekistan,1976,2.373073099,0.0,2380.6848410000002
383,Venezuela,1976,1.027798051,9.501683567,12688.92341
384,Algeria,1977,0.257789158,3.1669398060000002,4910.4167560000005
385,Argentina,1977,0.8908450990000001,0.82017251,10079.026740000001
386,Australia,1977,2.180011745,1.646395296,18334.197509999998
387,Azerbaijan,1977,0.7410999859999999,0.0,4621.856183
388,Brazil,1977,0.43422305299999997,0.077046228,6660.118654
389,Canada,1977,3.64246798,3.189436166,22090.88306
390,China,1977,0.08722100099999999,0.09911862199999999,786.8522095
391,Colombia,1977,0.275613184,0.29762478600000003,3815.80787
392,Denmark,1977,3.253889545,0.095643514,19679.760830000003
393,Ecuador,1977,0.291312995,1.345129969,6679.62326
394,Egypt,1977,0.24703461399999999,0.498072875,2785.493582
395,India,1977,0.04049339,0.015614477,845.4622625
396,Indonesia,1977,0.102851662,0.603723104,1382.702056
397,Iran,1977,0.911873411,8.195093874,11225.45436
398,Italy,1977,1.726906672,0.022398877,14255.98475
399,Kazakhstan,1977,1.4162185195,0.0,7446.92669
400,Kuwait,1977,2.9993299010000003,85.48407027,59265.477139999995
401,Malaysia,1977,0.42546104700000004,0.6781624959999999,3827.9215710000003
402,Mexico,1977,0.573949656,0.853151861,7674.929108
403,Norway,1977,2.192440101,3.4635555730000003,22100.79609
404,Peru,1977,0.36497160799999995,0.29950116,6281.290854999999
405,Qatar,1977,2.269506687,119.9329025,71615.82982
406,Romania,1977,0.7620661470000001,0.694592743,9356.39724
407,Russia,1977,1.9079478815000002,0.0,11488.945909999999
408,Saudi Arabia,1977,3.0538296160000002,57.118404500000004,34167.7626
409,Thailand,1977,0.21983318899999998,0.0,1961.2246350000003
410,Turkmenistan,1977,1.3602259293333332,0.0,6598.298176
411,United Arab Emirates,1977,3.275910604,133.5184126,53335.17575
412,United Kingdom,1977,1.634801416,0.6797756690000001,17428.74846
413,United States,1977,3.8779781260000004,2.072896161,26715.13653
414,Uzbekistan,1977,2.5594715775,0.0,2370.801164
415,Venezuela,1977,1.240965029,8.92785805,13143.95095
416,Algeria,1978,0.256514189,3.2759035080000003,5373.166288
417,Argentina,1978,0.856462628,0.850084651,9602.714509
418,Australia,1978,2.141511235,1.6127646180000001,18635.0381
419,Azerbaijan,1978,0.8012952335,0.0,4673.212635
420,Brazil,1978,0.46687394600000004,0.07480063599999999,6825.893762999999
421,Canada,1978,3.668598781,3.136094725,22754.827390000002
422,China,1978,0.09529189099999999,0.10865886300000001,861.1010805
423,Colombia,1978,0.271661192,0.276474112,4095.237743
424,Denmark,1978,3.14850107,0.07631990400000001,19934.75904
425,Ecuador,1978,0.28874973600000003,1.447025046,6944.340259999999
426,Egypt,1978,0.24994434,0.586884595,2906.8384579999997
427,India,1978,0.042994835,0.01687484,870.3727074999999
428,Indonesia,1978,0.112472185,0.570065315,1418.139926
429,Iran,1978,0.892922696,7.356391159,9598.477055
430,Italy,1978,1.786502471,0.026661009,14831.3966
431,Kazakhstan,1978,1.4494419214999998,0.0,7499.960454000001
432,Kuwait,1978,3.071917301,87.52284309,59706.332160000005
433,Malaysia,1978,0.454539735,0.7822822690000001,4069.9454969999997
434,Mexico,1978,0.6258337820000001,1.018802479,8156.868948
435,Norway,1978,2.297699565,4.280412919,22827.881859999998
436,Peru,1978,0.353010007,0.482455261,6118.279772999999
437,Qatar,1978,2.092622192,126.75193370000001,74170.50586
438,Romania,1978,0.842397727,0.645823005,9584.180575
439,Russia,1978,1.9715778019999999,0.0,11700.27621
440,Saudi Arabia,1978,3.100757877,48.87189324,33789.05228
441,Thailand,1978,0.241326283,0.0,2111.470867
442,Turkmenistan,1978,1.3178269029999998,0.0,6543.055279
443,United Arab Emirates,1978,3.2279949489999997,106.92505890000001,45587.6214
444,United Kingdom,1978,1.670342776,0.95933865,18053.948
445,United States,1978,3.9427952239999997,2.147765623,27814.180969999998
446,Uzbekistan,1978,2.6129637289999996,0.0,2365.087207
447,Venezuela,1978,1.283132234,8.302605382000001,13043.41405
448,Algeria,1979,0.297712753,3.161138181,5682.033708
449,Argentina,1979,0.910406134,0.876092366,10124.85647
450,Australia,1979,2.151017838,1.601193809,19380.635619999997
451,Azerbaijan,1979,0.8364179429999998,0.0,4589.073133
452,Brazil,1979,0.484978423,0.07574315,7117.958545
453,Canada,1979,3.773137378,3.557620083,23465.826719999997
454,China,1979,0.09390017699999999,0.109412775,915.2157724
455,Colombia,1979,0.282436403,0.25416296,4263.2500789999995
456,Denmark,1979,3.1022875560000003,0.07618018,20617.913480000003
457,Ecuador,1979,0.298970503,1.490049895,7117.724364
458,Egypt,1979,0.267842956,0.59520657,3042.233219
459,India,1979,0.045336943,0.018774383999999998,805.9495
460,Indonesia,1979,0.119400003,0.539640026,1455.9000130000002
461,Iran,1979,0.924852082,4.309795258,8478.495451
462,Italy,1979,1.841252572,0.030635502000000002,15712.139980000002
463,Kazakhstan,1979,1.4828837160000001,0.0,7335.862631
464,Kuwait,1979,3.2474528510000003,99.04322782,63804.609229999995
465,Malaysia,1979,0.534300816,0.997695737,4301.400479
466,Mexico,1979,0.653333295,1.201144335,8734.870044
467,Norway,1979,2.3525032059999997,4.788380268,23815.08107
468,Peru,1979,0.359469307,0.597073362,6317.329343
469,Qatar,1979,2.12509531,123.97858059999999,73434.87133
470,Romania,1979,0.8892135959999999,0.57682276,9785.250863
471,Russia,1979,2.2198011424999997,0.0,11572.37146
472,Saudi Arabia,1979,3.5503886889999996,52.94330303,33588.80869
473,Thailand,1979,0.238770819,0.0,2176.350078
474,Turkmenistan,1979,1.2780783236666666,0.0,6301.43649
475,United Arab Emirates,1979,3.151781517,95.61146715,50726.2276
476,United Kingdom,1979,1.679414491,1.3829301999999999,18531.68903
477,United States,1979,3.813412098,2.095622814,28278.914510000002
478,Uzbekistan,1979,2.5540294390000002,0.0,2291.4453719999997
479,Venezuela,1979,1.29464678,8.743206405,12806.9771
480,Algeria,1980,0.290731069,2.751020815,5610.1963049999995
481,Argentina,1980,0.814758359,0.8981905570000001,10126.50131
482,Australia,1980,2.018434093,1.4846277490000002,19505.554519999998
483,Azerbaijan,1980,0.8171537805,0.0,4534.635395
484,Brazil,1980,0.46318887200000003,0.081186692,7623.184159
485,Canada,1980,3.675272555,3.396497964,23473.89691
486,China,1980,0.08681199099999999,0.107763593,934.272898
487,Colombia,1980,0.291796369,0.25306650399999997,4379.579699
488,Denmark,1980,2.645897171,0.057230027999999995,20529.07805
489,Ecuador,1980,0.37221291100000004,1.38568007,7239.774692
490,Egypt,1980,0.29286471,0.662477103,3262.089768
491,India,1980,0.045186218,0.013426018999999999,843.5741466
492,Indonesia,1980,0.130698808,0.524035625,1549.099811
493,Iran,1980,0.803208354,1.922360586,7007.307065000001
494,Italy,1980,1.741283546,0.030362227999999998,16201.88298
495,Kazakhstan,1980,1.3472199424999998,0.0,7220.235536
496,Kuwait,1980,3.1554951,63.06169443,47907.19363
497,Malaysia,1980,0.582392909,0.955858111,4550.583238
498,Mexico,1980,0.70762634,1.5584980519999998,9319.564233
499,Norway,1980,2.27382814,6.131168398,24961.13036
500,Peru,1980,0.379074662,0.592757564,6441.290571
501,Qatar,1980,2.63224636,106.8303717,67344.0971
502,Romania,1980,0.836479195,0.540551765,9755.081492
503,Russia,1980,1.9451419259999998,0.0,11517.45635
504,Saudi Arabia,1980,3.0538046569999997,52.01548214,34568.06035
505,Thailand,1980,0.24392071,0.0,2227.098555
506,Turkmenistan,1980,1.987216737333333,0.0,6106.698740999999
507,United Arab Emirates,1980,5.2891673919999995,82.95068744,58179.448560000004
508,United Kingdom,1980,1.435109749,1.4291775619999998,18199.8345
509,United States,1980,3.455263712,2.089468332,27838.10795
510,Uzbekistan,1980,2.376063818,0.0,2233.98275
511,Venezuela,1980,1.2968639240000002,7.804216517,12124.53638
512,Algeria,1981,0.30289434600000004,2.408650403,5573.379591
513,Argentina,1981,0.756191162,0.9010844790000001,9421.942886
514,Australia,1981,1.96059352,1.427431717,19841.87946
515,Azerbaijan,1981,0.7417403325,0.0,4516.069956
516,Brazil,1981,0.432233861,0.092548504,7128.813147
517,Canada,1981,3.400424443,3.042473246,23904.52565
518,China,1981,0.081407285,0.101558438,977.5421369
519,Colombia,1981,0.293389161,0.264013212,4424.364320000001
520,Denmark,1981,2.50051468,0.14264186,20379.18551
521,Ecuador,1981,0.40677603,1.3904031780000001,7331.123837
522,Egypt,1981,0.329188476,0.698572231,3272.019459
523,India,1981,0.047503584,0.020900403999999997,876.7582298000001
524,Indonesia,1981,0.13921854,0.5183073779999999,1608.105931
525,Iran,1981,0.700937458,1.65349285,6524.364961
526,Italy,1981,1.696782405,0.026376418,16362.80286
527,Kazakhstan,1981,1.27208383,0.0,7162.298757
528,Kuwait,1981,4.031959626,40.55056868,37146.476
529,Malaysia,1981,0.591589986,0.87269334,4758.285779
530,Mexico,1981,0.747542755,1.8202257869999998,9890.217884
531,Norway,1981,2.13043212,5.9268418370000004,25163.570490000002
532,Peru,1981,0.377426274,0.570793387,6561.479167
533,Qatar,1981,2.5636851959999998,84.22051871,65947.51694
534,Romania,1981,0.7460462170000001,0.543303613,9640.373551
535,Russia,1981,2.0910343875,0.0,11552.91763
536,Saudi Arabia,1981,3.4360225580000003,48.49673693,35101.245910000005
537,Thailand,1981,0.227856668,0.0013817810000000001,2313.836905
538,Turkmenistan,1981,2.0327394453333336,0.0,5964.5038079999995
539,United Arab Emirates,1981,5.414992222,67.82213111,55157.81846
540,United Kingdom,1981,1.325697251,1.5888479780000002,17940.78068
541,United States,1981,3.215013785,2.063558452,28160.13515
542,Uzbekistan,1981,2.2282722555,0.0,2195.083347
543,Venezuela,1981,1.241530726,7.334492272,11729.26977
544,Algeria,1982,0.310763803,2.331201263,5745.160213
545,Argentina,1982,0.721318462,0.8817370929999999,8997.897412
546,Australia,1982,1.880651311,1.388137401,19477.009280000002
547,Azerbaijan,1982,0.7025503755000001,0.0,4565.996183
548,Brazil,1982,0.429427051,0.11022572900000001,7030.835878
549,Canada,1982,3.0125862810000004,2.980652384,22898.79214
550,China,1982,0.079305362,0.101051402,1044.338226
551,Colombia,1982,0.27348173,0.272075289,4397.575659
552,Denmark,1982,2.142816985,0.323438251,21037.6519
553,Ecuador,1982,0.433533888,1.353324917,7213.7912670000005
554,Egypt,1982,0.365705478,0.7068000409999999,3503.729636
555,India,1982,0.048288774000000007,0.027117167999999997,883.3906585000001
556,Indonesia,1982,0.140607374,0.422061781,1516.872988
557,Iran,1982,0.7337719709999999,2.891470731,7257.9534189999995
558,Italy,1982,1.604895994,0.031197905,16537.4835
559,Kazakhstan,1982,1.1889400445,0.0,7212.903072
560,Kuwait,1982,4.341442247,28.1796066,31354.03573
561,Malaysia,1982,0.620059364,0.998721249,4920.355951
562,Mexico,1982,0.74812541,2.103575355,9611.147541
563,Norway,1982,2.010426198,6.136716834,25171.514180000002
564,Peru,1982,0.36204690700000003,0.56295228,6434.501797
565,Qatar,1982,2.810133955,61.43023189,57679.6388
566,Romania,1982,0.729953615,0.545103335,9605.314053
567,Russia,1982,2.1522304265,0.0,11764.76821
568,Saudi Arabia,1982,3.5745072380000003,30.574043699999997,33693.17525
569,Thailand,1982,0.202276213,0.004883409,2393.219781
570,Turkmenistan,1982,2.067997146333333,0.0,5914.237232
571,United Arab Emirates,1982,5.490194722999999,56.234053,47211.4006
572,United Kingdom,1982,1.341111924,1.832030595,18232.42452
573,United States,1982,3.011770082,2.05218093,27243.46779
574,Uzbekistan,1982,2.107844261,0.0,2189.670719
575,Venezuela,1982,1.20391844,6.439163893,11152.410109999999
576,Algeria,1983,0.337671756,2.20905046,5853.656218
577,Argentina,1983,0.718249776,0.871615522,9238.605312
578,Australia,1983,1.7778890859999998,1.33157578,19214.56115
579,Azerbaijan,1983,0.6777747985,0.0,4648.638559
580,Brazil,1983,0.40823209,0.136725123,6672.28053
581,Canada,1983,2.789810405,3.109219475,23329.80455
582,China,1983,0.079783202,0.10347379400000001,1107.462307
583,Colombia,1983,0.281558588,0.285583531,4406.319305
584,Denmark,1983,2.02637313,0.409349762,21610.8931
585,Ecuador,1983,0.386681919,1.4854485990000001,6876.003008
586,Egypt,1983,0.393358705,0.754610722,3660.225882
587,India,1983,0.049628447,0.033806487999999996,933.4972108999999
588,Indonesia,1983,0.133361709,0.438360817,1533.454194
589,Iran,1983,0.850534432,2.8479696960000003,7909.435439
590,Italy,1983,1.575322076,0.039578205,16717.44341
591,Kazakhstan,1983,1.188176279,0.0,7314.4742
592,Kuwait,1983,4.606421723,34.71893035,32366.58131
593,Malaysia,1983,0.6441305829999999,1.232338558,5096.798565
594,Mexico,1983,0.712259272,2.009257668,9063.135553
595,Norway,1983,2.001896917,7.612309766,26036.23466
596,Peru,1983,0.306104638,0.48044732,5452.536822
597,Qatar,1983,2.554299248,50.07024175,52169.587680000004
598,Romania,1983,0.649960065,0.5362925070000001,9498.400618000001
599,Russia,1983,2.1837658644999998,0.0,12063.97493
600,Saudi Arabia,1983,3.717571664,20.29768961,28412.05977
601,Thailand,1983,0.222231979,0.011611526,2482.773233
602,Turkmenistan,1983,1.9474931953333334,0.0,5905.253075
603,United Arab Emirates,1983,5.155210962,49.99307451,42152.15373
604,United Kingdom,1983,1.284743963,2.0390452690000003,18865.50225
605,United States,1983,2.980372697,2.042102971,28119.68684
606,Uzbekistan,1983,2.060665021,0.0,2199.489837
607,Venezuela,1983,1.140957345,5.9417333039999995,10042.76094
608,Algeria,1984,0.362057325,2.308208763,5986.5420380000005
609,Argentina,1984,0.704119765,0.84086872,9301.552359000001
610,Australia,1984,1.830879603,1.713973282,20295.252940000002
611,Azerbaijan,1984,0.659087517,0.0,4640.777912
612,Brazil,1984,0.408287013,0.18681864199999998,6890.253502
613,Canada,1984,2.7884956489999997,3.281887657,24431.848869999998
614,China,1984,0.081333301,0.11015977,1229.0753650000001
615,Colombia,1984,0.26267446,0.307202424,4470.55014
616,Denmark,1984,2.025422463,0.44896354,22601.41001
617,Ecuador,1984,0.377463914,1.573924058,6968.938272
618,Egypt,1984,0.41413013600000004,0.845974042,3767.064269
619,India,1984,0.052055225999999996,0.036751766,947.2250243999999
620,Indonesia,1984,0.139113768,0.45470145799999995,1609.26792
621,Iran,1984,0.889335707,2.288826958,7749.314189
622,Italy,1984,1.496413965,0.040081415,17530.693890000002
623,Kazakhstan,1984,1.223548101,0.0,7273.289895
624,Kuwait,1984,4.6711940819999995,36.58344001,32575.65063
625,Malaysia,1984,0.61172962,1.393559639,5360.360974
626,Mexico,1984,0.746598891,1.9861350469999999,9177.234684000001
627,Norway,1984,2.075323514,8.688608853,27548.86795
628,Peru,1984,0.308822806,0.5084448770000001,5578.496743
629,Qatar,1984,2.64964757,50.67615834,49067.6896
630,Romania,1984,0.6193462989999999,0.5279318279999999,9855.445875
631,Russia,1984,2.143222329,0.0,12130.31967
632,Saudi Arabia,1984,3.6670983589999997,17.4638077,26815.58998
633,Thailand,1984,0.226852213,0.020683073,2581.974657
634,Turkmenistan,1984,1.7363055613333334,0.0,5781.666768
635,United Arab Emirates,1984,4.5066105819999995,46.8619321,41475.71132
636,United Kingdom,1984,1.5878302869999998,2.233739065,19309.6655
637,United States,1984,3.028862409,2.0776839419999997,29785.254189999996
638,Uzbekistan,1984,2.029166969,0.0,2166.406137
639,Venezuela,1984,1.029471529,5.805120957000001,9500.515805
640,Algeria,1985,0.36048025100000003,2.262481934,6107.181013
641,Argentina,1985,0.62633754,0.795889493,8525.606139
642,Australia,1985,1.706668974,1.9507879209999999,21040.4946
643,Azerbaijan,1985,1.229507398,1.9834633430000002,4617.524454
644,Brazil,1985,0.41075710200000004,0.21594781100000002,7286.961847
645,Canada,1985,2.7550646239999996,3.315659694,25514.7852
646,China,1985,0.085003565,0.118211676,1337.6375380000002
647,Colombia,1985,0.256855318,0.317447464,4533.921683
648,Denmark,1985,2.08694251,0.571777374,23592.44831
649,Ecuador,1985,0.453215808,1.674621616,7075.663443
650,Egypt,1985,0.41064259799999997,0.889603901,3895.173354
651,India,1985,0.055237101,0.038498856,962.8810808000001
652,Indonesia,1985,0.130716771,0.394599776,1619.872182
653,Iran,1985,0.938163312,2.3732830330000003,7653.934762999999
654,Italy,1985,1.48653897,0.041992427,18078.9509
655,Kazakhstan,1985,1.299049265,1.4359947480000002,7208.287445
656,Kuwait,1985,4.604258236000001,31.85238212,29473.68439
657,Malaysia,1985,0.593547261,1.34872873,5172.795377
658,Mexico,1985,0.7585019129999999,1.914717019,9184.989568
659,Norway,1985,2.158668388,9.442565815,28950.269610000003
660,Peru,1985,0.291570793,0.506337362,5563.336493
661,Qatar,1985,3.743237882,41.62384248,44379.4694
662,Romania,1985,0.6614348870000001,0.494965046,9809.793603
663,Russia,1985,1.70216104,3.7753971139999996,12156.46991
664,Saudi Arabia,1985,3.4603886889999997,13.01576616,23663.0806
665,Thailand,1985,0.210649372,0.038413703,2659.435607
666,Turkmenistan,1985,1.486298649,2.099396841,5641.843215999999
667,United Arab Emirates,1985,5.324684952,43.23646357,38213.65124
668,United Kingdom,1985,1.3700147930000002,2.257926071,19935.24097
669,United States,1985,2.986760715,2.068210132,30636.21102
670,Uzbekistan,1985,0.627319814,0.127103655,2126.724374
671,Venezuela,1985,0.997375462,5.298646332,9268.840095
672,Algeria,1986,0.35502213299999996,2.2763959369999998,5876.048095
673,Argentina,1986,0.664698018,0.74222411,9026.855746
674,Australia,1986,1.7527157130000002,1.7164668159999998,21168.81051
675,Azerbaijan,1986,1.269064375,1.925955355,4741.39581
676,Brazil,1986,0.44483130600000004,0.22268275899999998,7685.0592879999995
677,Canada,1986,2.726490891,3.274478625,25921.167019999997
678,China,1986,0.08909732699999999,0.12170885599999999,1406.187895
679,Colombia,1986,0.257845432,0.524061452,4719.372345000001
680,Denmark,1986,2.046079013,0.7051271490000001,24451.45404
681,Ecuador,1986,0.448532215,1.701727543,7096.7344
682,Egypt,1986,0.40244912299999996,0.792586042,3878.425762
683,India,1986,0.056766907,0.039426381,981.6554021
684,Indonesia,1986,0.12914619,0.410385281,1690.434016
685,Iran,1986,0.876033064,2.128170956,6695.866851
686,Italy,1986,1.5217682209999999,0.045028145,18479.36644
687,Kazakhstan,1986,1.170772656,1.4581441259999999,7372.450822
688,Kuwait,1986,4.461768835,32.35357755,30593.241860000002
689,Malaysia,1986,0.5773675970000001,1.472699486,5108.025719
690,Mexico,1986,0.737216127,1.76073848,8713.361541
691,Norway,1986,2.231764229,10.32486054,29947.30296
692,Peru,1986,0.304916144,0.468814561,5987.604668
693,Qatar,1986,4.346602757,43.70947837,42994.47997
694,Romania,1986,0.70733202,0.46640402700000005,9942.7471
695,Russia,1986,1.711179105,3.878363943,12572.49008
696,Saudi Arabia,1986,3.1872968619999997,18.22148398,21161.2434
697,Thailand,1986,0.212224419,0.038324409,2764.199191
698,Turkmenistan,1986,1.057080856,1.981837786,5681.559485
699,United Arab Emirates,1986,6.0883770020000005,51.37757916,29225.29529
700,United Kingdom,1986,1.3666541890000001,2.244107496,20747.69266
701,United States,1986,3.0774082660000004,1.9808243209999998,31297.31013
702,Uzbekistan,1986,0.6277758000000001,0.135773019,2154.57258
703,Venezuela,1986,1.023274492,5.5774709510000005,9411.916498
704,Algeria,1987,0.348655275,2.249677009,5681.358539
705,Argentina,1987,0.69626287,0.721865408,9139.671389
706,Australia,1987,1.7562983419999998,1.793119612,21888.889030000002
707,Azerbaijan,1987,1.176810769,2.021167773,4738.097871
708,Brazil,1987,0.446269975,0.21705485600000002,7807.095818000001
709,Canada,1987,2.792290885,3.4003370530000003,26626.515030000002
710,China,1987,0.09296963,0.122849519,1529.502031
711,Colombia,1987,0.276007927,0.6511190170000001,4903.2191
712,Denmark,1987,1.873807617,0.8857088209999999,24524.77548
713,Ecuador,1987,0.44120228799999994,0.982313012,6481.776993
714,Egypt,1987,0.40828347299999995,0.869890005,3885.4607100000003
715,India,1987,0.057324954000000004,0.037428639,1001.135839
716,Indonesia,1987,0.137817482,0.399527284,1748.356961
717,Iran,1987,0.8721414259999999,2.332056971,6402.244407
718,Italy,1987,1.586318285,0.069249639,19207.234819999998
719,Kazakhstan,1987,1.119500977,1.4881322380000002,7338.249611
720,Kuwait,1987,4.10826112,26.90062436,28118.42998
721,Malaysia,1987,0.57209591,1.413073026,5249.802653
722,Mexico,1987,0.761617051,1.8023868369999998,8688.156003
723,Norway,1987,2.318997956,11.97621866,30478.02803
724,Peru,1987,0.329132658,0.422602911,6360.9434439999995
725,Qatar,1987,4.395902471,36.35499676,40870.691419999996
726,Romania,1987,0.7734301790000001,0.43672472799999995,9696.273295
727,Russia,1987,1.7139060119999998,3.907273458,12654.23607
728,Saudi Arabia,1987,3.212732988,15.27863186,21198.26136
729,Thailand,1987,0.23497025800000002,0.034820991,2982.653773
730,Turkmenistan,1987,1.031294589,1.906966559,5568.201092
731,United Arab Emirates,1987,6.055583466,49.16774891,29327.0588
732,United Kingdom,1987,1.324319923,2.173445807,21664.787669999998
733,United States,1987,3.10989309,1.900046748,31953.81406
734,Uzbekistan,1987,0.5813359779999999,0.139822274,2124.280472
735,Venezuela,1987,0.99541748,5.501631112999999,9883.584648
736,Algeria,1988,0.339834386,2.228769369,5415.986264
737,Argentina,1988,0.6859311929999999,0.747570407,8845.591444
738,Australia,1988,1.8042194980000001,1.673906308,22508.19078
739,Azerbaijan,1988,1.187460191,1.965747353,4776.171807
740,Brazil,1988,0.449366004,0.20828621100000003,7657.323839
741,Canada,1988,2.893770118,3.5294348380000002,27562.414539999998
742,China,1988,0.09801239,0.123430749,1611.3755099999998
743,Colombia,1988,0.281011805,0.626520712,5046.812704
744,Denmark,1988,1.858027707,0.9158463459999999,24831.14472
745,Ecuador,1988,0.426748284,1.685051483,6992.249093
746,Egypt,1988,0.404932825,0.812621294,3956.6224729999994
747,India,1988,0.061513692,0.038541259,1080.978423
748,Indonesia,1988,0.140494633,0.378017844,1821.981791
749,Iran,1988,0.737819911,2.265615742,5892.143400999999
750,Italy,1988,1.6135588930000002,0.085121435,20293.85091
751,Kazakhstan,1988,1.113599645,1.527138462,7368.026409
752,Kuwait,1988,3.790616744,31.08533551,27895.53085
753,Malaysia,1988,0.584881443,1.495594645,5577.662106000001
754,Mexico,1988,0.748289475,1.761396674,8628.257235
755,Norway,1988,2.183315189,13.55905175,30359.20985
756,Peru,1988,0.314790141,0.356738085,5714.654778
757,Qatar,1988,2.419313379,39.93195631,40632.35159
758,Romania,1988,0.7208446820000001,0.425995004,9637.161027
759,Russia,1988,1.690053359,3.8760760469999997,12847.79683
760,Saudi Arabia,1988,3.14495269,18.37858046,20995.14208
761,Thailand,1988,0.261258129,0.039096018999999996,3330.3327050000003
762,Turkmenistan,1988,1.005723339,1.644109031,5504.785006
763,United Arab Emirates,1988,7.082668997000001,46.99036145,27050.847339999997
764,United Kingdom,1988,1.4054319030000002,2.011508156,22673.275830000002
765,United States,1988,3.207721803,1.848275128,32860.51969
766,Uzbekistan,1988,0.700315589,0.124736845,2112.713866
767,Venezuela,1988,1.012087006,5.621848925,10350.52016
768,Algeria,1989,0.346723096,2.215655036,5457.745569
769,Argentina,1989,0.614064491,0.752783275,8107.715406
770,Australia,1989,1.8430978619999998,1.55474782,23133.97635
771,Azerbaijan,1989,1.140792757,1.853664982,4799.322286
772,Brazil,1989,0.448838451,0.21859365100000003,7763.0375269999995
773,Canada,1989,2.9633412710000004,3.3889305160000003,27729.895969999998
774,China,1989,0.10098577199999999,0.12198909699999999,1615.02915
775,Colombia,1989,0.274621646,0.656123688,5145.386286999999
776,Denmark,1989,1.799370659,1.063900353,24914.52275
777,Ecuador,1989,0.433724217,1.519919601,6826.420655
778,Egypt,1989,0.41157150600000003,0.7997719440000001,3984.0394810000003
779,India,1989,0.065210378,0.040257922,1127.458112
780,Indonesia,1989,0.145719144,0.395315474,1955.7814059999998
781,Iran,1989,0.816950258,2.691701739,5959.394374
782,Italy,1989,1.6507935480000002,0.08102097400000001,21166.47838
783,Kazakhstan,1989,1.129140351,1.542027255,7374.522893
784,Kuwait,1989,3.579467735,32.83371532,28764.50908
785,Malaysia,1989,0.615820342,1.5799835119999999,5960.927957
786,Mexico,1989,0.785022152,1.73063206,8815.268075
787,Norway,1989,2.122095592,17.74550673,30581.45921
788,Peru,1989,0.27321041100000004,0.321260842,4911.482613
789,Qatar,1989,2.507960665,42.80940596,40929.99871
790,Romania,1989,0.741677248,0.41514426299999996,9295.593098000001
791,Russia,1989,1.7128361719999998,3.741584922,13003.05648
792,Saudi Arabia,1989,2.992648417,17.38092911,20934.15182
793,Thailand,1989,0.302158802,0.037429727999999995,3684.002866
794,Turkmenistan,1989,0.979958875,1.610392549,5424.876722
795,United Arab Emirates,1989,6.855710635,55.58334783,29062.1632
796,United Kingdom,1989,1.4324328259999999,1.607306985,23100.74176
797,United States,1989,3.170358475,1.7102491430000002,33587.085739999995
798,Uzbekistan,1989,0.6538413470000001,0.134771481,2094.563684
799,Venezuela,1989,0.934477907,5.502795122999999,9427.017797
800,Algeria,1990,0.36190893399999996,2.271891637,5244.509612
801,Argentina,1990,0.560864901,0.7792478190000001,7846.612518999999
802,Australia,1990,1.847199192,1.77573704,23151.89034
803,Azerbaijan,1990,1.178780236,1.73329643,4629.494456
804,Brazil,1990,0.429381774,0.227824613,7136.932459999999
805,Canada,1990,2.88121081,3.348555619,27387.27394
806,China,1990,0.09853865699999999,0.12077416699999999,1647.382397
807,Colombia,1990,0.284700437,0.7039496209999999,5302.339929
808,Denmark,1990,1.748480948,1.146953843,25208.56372
809,Ecuador,1990,0.40738409999999997,1.512852591,6842.304504000001
810,Egypt,1990,0.417921029,0.800428899,3976.219376
811,India,1990,0.066312617,0.039106853999999996,1160.345798
812,Indonesia,1990,0.161630901,0.403770898,2097.695088
813,Iran,1990,0.858000725,2.96677864,6332.066313
814,Italy,1990,1.6473369999999998,0.082136347,21561.42044
815,Kazakhstan,1990,1.300604961,1.5607985480000002,7085.4977069999995
816,Kuwait,1990,2.631620545,22.41561581,22095.96056
817,Malaysia,1990,0.714169521,1.622858761,6386.016245000001
818,Mexico,1990,0.8035669609999999,1.72191377,9103.392351999999
819,Norway,1990,2.165279377,19.36657833,31161.75439
820,Peru,1990,0.267782163,0.3123073,4564.338626
821,Qatar,1990,2.6196798969999997,44.58766648,40510.849539999996
822,Romania,1990,0.8054994759999999,0.35058812100000003,8281.621099
823,Russia,1990,1.6843976180000002,3.480024396,12633.27405
824,Saudi Arabia,1990,3.081106122,21.22916385,23520.952019999997
825,Thailand,1990,0.34421397600000003,0.044396528,4039.673108
826,Turkmenistan,1990,1.199563795,1.553980371,5132.075826
827,United Arab Emirates,1990,7.042853146000001,59.49267577,32431.228539999996
828,United Kingdom,1990,1.448654409,1.601063395,23123.52696
829,United States,1990,3.0860653260000004,1.644444029,33710.38982
830,Uzbekistan,1990,0.614177318,0.136483849,1993.4260780000002
831,Venezuela,1990,0.933087876,5.984048398,9701.14394
832,Algeria,1991,0.349741772,2.224402404,5061.303464
833,Argentina,1991,0.5849170920000001,0.78208525,8575.874906000001
834,Australia,1991,1.778918819,1.659018371,22893.85675
835,Azerbaijan,1991,1.11919777,1.6067673180000002,4528.838746
836,Brazil,1991,0.427856289,0.22150336399999998,7097.834884999999
837,Canada,1991,2.683756525,3.3229510230000003,26491.59562
838,China,1991,0.104968169,0.121459389,1732.133712
839,Colombia,1991,0.283043079,0.6670078079999999,5321.599053
840,Denmark,1991,1.7561461230000002,1.3423554180000001,25503.737719999997
841,Ecuador,1991,0.451708286,1.553780089,7042.35405
842,Egypt,1991,0.40324482899999997,0.783712339,3753.3315420000004
843,India,1991,0.066041403,0.036079866,1150.457165
844,Indonesia,1991,0.17174015,0.432140676,2176.650123
845,Iran,1991,0.8745077379999999,3.109792661,6771.029673
846,Italy,1991,1.625930492,0.076192407,21755.39858
847,Kazakhstan,1991,1.314077953,1.6108052330000002,6265.356243
848,Kuwait,1991,1.80895754,4.538141396,29268.866189999997
849,Malaysia,1991,0.7420979109999999,1.644792856,6838.197537999999
850,Mexico,1991,0.81988926,1.7785211769999998,9315.66066
851,Norway,1991,2.042256363,22.01354488,32200.447119999997
852,Peru,1991,0.242744066,0.27309869800000003,4581.333664
853,Qatar,1991,2.0458620990000003,42.24878026,39011.461110000004
854,Romania,1991,0.671829937,0.3024659,7226.054687999999
855,Russia,1991,1.637147761,3.10709728,11975.22767
856,Saudi Arabia,1991,3.221488799,25.69657469,25113.59458
857,Thailand,1991,0.369978132,0.051312237999999996,4327.895394
858,Turkmenistan,1991,1.325433748,1.4314684480000002,4769.845204
859,United Arab Emirates,1991,8.650589692,65.19382186,30832.8151
860,United Kingdom,1991,1.4382174230000002,1.590737148,22739.73307
861,United States,1991,2.99278353,1.653272972,33076.874339999995
862,Uzbekistan,1991,0.523675762,0.133299285,1935.313686
863,Venezuela,1991,0.92249344,6.513270629,10243.33722
864,Algeria,1992,0.343136179,2.132316669,5023.216647
865,Argentina,1992,0.58494295,0.865844614,9308.41871
866,Australia,1992,1.762061361,1.612648628,23424.76683
867,Azerbaijan,1992,1.0737416770000001,1.503600963,3455.5429689999996
868,Brazil,1992,0.440088394,0.22105035899999997,6950.283020999999
869,Canada,1992,2.7049447539999996,3.4227867169999997,26342.88426
870,China,1992,0.11263409199999999,0.120861416,1877.413138
871,Colombia,1992,0.30848774100000004,0.6745095459999999,5444.648617
872,Denmark,1992,1.737032196,1.483327489,25956.18667
873,Ecuador,1992,0.4261893,1.6275284490000002,7103.702595000001
874,Egypt,1992,0.38492062899999996,0.779349029,3794.755195
875,India,1992,0.068209445,0.032070252,1185.538492
876,Indonesia,1992,0.184470892,0.402757724,2383.140898
877,Iran,1992,0.8755749429999999,3.0784318710000003,7045.384099
878,Italy,1992,1.6601238130000002,0.079110428,22013.64486
879,Kazakhstan,1992,1.2354768329999999,1.570211935,5919.908968
880,Kuwait,1992,2.8886577819999997,28.04229474,34932.91959
881,Malaysia,1992,0.728842564,1.627994608,7277.912802
882,Mexico,1992,0.813714488,1.748467433,9472.384295
883,Norway,1992,2.094212739,24.94404603,33135.03622
884,Peru,1992,0.248833041,0.27093270199999997,4446.380924
885,Qatar,1992,2.125554072,48.34172227,41781.67545
886,Romania,1992,0.548583908,0.29582798899999996,6598.409903
887,Russia,1992,1.5070746169999998,2.678415455,10231.851190000001
888,Saudi Arabia,1992,2.890159418,25.73696103,24841.617769999997
889,Thailand,1992,0.404905241,0.061367645,4616.8965450000005
890,Turkmenistan,1992,1.3441618480000002,1.33952503,3961.890968
891,United Arab Emirates,1992,8.372991343999999,58.79779618,30084.23648
892,United Kingdom,1992,1.452643776,1.63842239,22705.09254
893,United States,1992,3.0287183030000002,1.599164288,33589.594280000005
894,Uzbekistan,1992,0.39451049,0.153487929,1682.500513
895,Venezuela,1992,0.952933267,6.376955395,10733.926309999999
896,Algeria,1993,0.334156511,2.085763795,4800.3171170000005
897,Argentina,1993,0.575951381,0.914242705,9742.077436
898,Australia,1993,1.843698232,1.4890773019999999,24053.10102
899,Azerbaijan,1993,1.05592711,1.355619985,2627.685931
900,Brazil,1993,0.440061993,0.22153882800000002,7188.190188
901,Canada,1993,2.686475952,3.5632419019999997,26590.39937
902,China,1993,0.122640304,0.12116725099999999,2035.594573
903,Colombia,1993,0.307202311,0.6837645240000001,5645.0943130000005
904,Denmark,1993,1.8303453619999999,1.577024155,25882.22855
905,Ecuador,1993,0.43731584100000004,1.709623369,7107.172717
906,Egypt,1993,0.360060775,0.791847135,3774.470454
907,India,1993,0.067507263,0.030030400000000002,1226.996521
908,Indonesia,1993,0.19441350699999999,0.397110301,2519.33907
909,Iran,1993,0.879023295,3.1807480810000004,7171.009289
910,Italy,1993,1.6272046969999998,0.081492836,21826.218780000003
911,Kazakhstan,1993,0.96355669,1.411579865,5404.826359000001
912,Kuwait,1993,2.800148777,53.77687392,44804.87414
913,Malaysia,1993,0.7862274109999999,1.5520097990000001,7815.298486
914,Mexico,1993,0.8176438429999999,1.7200908869999998,9482.490823
915,Norway,1993,2.199393925,26.48377117,33900.436310000005
916,Peru,1993,0.256003194,0.287895855,4603.441655
917,Qatar,1993,2.134630255,44.38815308,40684.80327
918,Romania,1993,0.528171461,0.301930538,6705.766116
919,Russia,1993,1.266234464,2.382581947,9342.30967
920,Saudi Arabia,1993,2.8369479269999998,24.47918566,23173.544830000003
921,Thailand,1993,0.456544446,0.063259059,4940.011053
922,Turkmenistan,1993,0.749264075,1.0977182140000001,3934.099888
923,United Arab Emirates,1993,8.156180127,54.00823667,28314.811569999998
924,United Kingdom,1993,1.456303972,1.7369305330000002,23170.28151
925,United States,1993,3.026599495,1.522309132,33914.89202
926,Uzbekistan,1993,0.344687764,0.18193875199999998,1611.3835119999999
927,Venezuela,1993,0.91690552,6.450909325,10534.83654
928,Algeria,1994,0.31242020600000003,2.0315601340000002,4652.841153
929,Argentina,1994,0.5644335070000001,1.0026335579999999,10206.90178
930,Australia,1994,1.8996956669999998,1.583852269,24780.17241
931,Azerbaijan,1994,0.945795389,1.246822739,2088.9285449999998
932,Brazil,1994,0.453921478,0.227358988,7503.673809000001
933,Canada,1994,2.7042612110000004,3.677894052,27543.908110000004
934,China,1994,0.123271925,0.121579072,2214.196284
935,Colombia,1994,0.311135004,0.67380668,5823.696503
936,Denmark,1994,1.947018757,1.7297066380000001,27258.056480000003
937,Ecuador,1994,0.46761813799999996,1.84377882,7268.522198000001
938,Egypt,1994,0.35173305,0.761845233,3841.786743
939,India,1994,0.071202346,0.034212715,1289.530858
940,Indonesia,1994,0.188148468,0.39157716200000003,2674.278917
941,Iran,1994,0.908726785,3.145531988,7331.321076
942,Italy,1994,1.6232367280000002,0.08592966,22471.2282
943,Kazakhstan,1994,0.7630217570000001,1.260040482,4802.480944
944,Kuwait,1994,3.682849477,61.24682552,46467.09099
945,Malaysia,1994,0.8679615390000001,1.53986975,8342.818751
946,Mexico,1994,0.8781324420000001,1.699974769,9733.592352
947,Norway,1994,2.22177049,29.66889903,35546.93704
948,Peru,1994,0.273195057,0.284907178,5123.2368240000005
949,Qatar,1994,2.3064836019999997,43.11697465,40794.93656
950,Romania,1994,0.49302515799999996,0.305740481,6976.4396959999995
951,Russia,1994,1.092926906,2.133310025,8152.97931
952,Saudi Arabia,1994,3.0827115889999996,24.1334842,22010.661340000002
953,Thailand,1994,0.503512035,0.06323256,5317.165499000001
954,Turkmenistan,1994,0.728846601,1.0235594479999999,3184.6164489999996
955,United Arab Emirates,1994,8.169799998,52.06116357,29007.137130000003
956,United Kingdom,1994,1.4336793380000001,2.1878470219999997,24118.66691
957,United States,1994,3.0735458760000003,1.470838523,34730.56433
958,Uzbekistan,1994,0.303113038,0.24556161899999998,1499.50787
959,Venezuela,1994,0.906967558,6.698261942999999,9912.069690999999
960,Algeria,1995,0.298074435,2.000453067,4732.433
961,Argentina,1995,0.5591424629999999,1.074645219,9807.788606999999
962,Australia,1995,1.9476868180000002,1.472740814,25518.71544
963,Azerbaijan,1995,0.846512685,1.179901911,1828.588025
964,Brazil,1995,0.47021586200000004,0.232112633,7713.353209000001
965,Canada,1995,2.722467734,3.819055744,27969.67291
966,China,1995,0.131949561,0.12275259,2521.341661
967,Colombia,1995,0.324085556,0.8508297840000001,6013.4102729999995
968,Denmark,1995,2.00635767,1.731980701,27985.58975
969,Ecuador,1995,0.443848859,1.844528816,7336.071198999999
970,Egypt,1995,0.375097823,0.750646794,3935.1187210000003
971,India,1995,0.078002156,0.037996398,1354.029921
972,Indonesia,1995,0.19600769,0.383422429,2851.716136
973,Iran,1995,0.9789175390000001,3.103505057,7495.820973999999
974,Italy,1995,1.6768174169999999,0.091911185,23680.309119999998
975,Kazakhstan,1995,0.7553755520000001,1.295566398,4492.990665
976,Kuwait,1995,3.973804465,64.43162082,44959.08487
977,Malaysia,1995,0.8692241759999999,1.6081937609999999,8961.563889000001
978,Mexico,1995,0.793820503,1.627927165,8954.524248
979,Norway,1995,2.213073536,31.74963049,36975.02756
980,Peru,1995,0.30272173,0.26889602100000004,5453.854842
981,Qatar,1995,2.4153770359999998,43.54305731,41058.269589999996
982,Romania,1995,0.594948519,0.30646859,7486.898656
983,Russia,1995,0.982658994,2.0897912659999998,7816.179729
984,Saudi Arabia,1995,2.86291887,23.64334981,21162.71443
985,Thailand,1995,0.572387429,0.059588295,5734.624528
986,Turkmenistan,1995,0.646369039,0.971821939,2895.4063170000004
987,United Arab Emirates,1995,7.646881742000001,47.82926269,29341.650719999998
988,United Kingdom,1995,1.4121886209999999,2.239659459,24716.01425
989,United States,1995,3.0328879680000003,1.44024623,35053.28613
990,Uzbekistan,1995,0.29485993,0.331030229,1460.983033
991,Venezuela,1995,0.9068791709999999,7.049046295,9935.409579000001
992,Algeria,1996,0.279988905,2.061426995,4824.212475
993,Argentina,1996,0.577037855,1.156682894,10245.38281
994,Australia,1996,1.961010472,1.540356263,26151.13247
995,Azerbaijan,1996,0.756120536,1.159979657,1843.189487
996,Brazil,1996,0.49467813299999996,0.258288666,7810.201008
997,Canada,1996,2.776228236,3.9028010589999997,28074.836489999998
998,China,1996,0.141746286,0.129284357,2546.439875
999,Colombia,1996,0.32889081,0.898901272,6022.650485
1000,Denmark,1996,2.178027798,1.934070405,28655.63305
1001,Ecuador,1996,0.490242034,1.8065232709999999,7331.528434000001
1002,Egypt,1996,0.389714923,0.7141895490000001,4043.0948200000003
1003,India,1996,0.082501381,0.035417928,1433.417967
1004,Indonesia,1996,0.209624347,0.379350404,3026.819035
1005,Iran,1996,1.0039557559999999,3.068973985,7835.2864
1006,Italy,1996,1.654087504,0.0957527,23897.553669999998
1007,Kazakhstan,1996,0.64916286,1.4613165119999998,4567.927635
1008,Kuwait,1996,3.8418544089999997,64.56888806,41620.239010000005
1009,Malaysia,1996,0.899907197,1.590512771,9644.79351
1010,Mexico,1996,0.8058950690000001,1.729836956,9274.6988
1011,Norway,1996,2.295936343,35.27009484,38794.59044
1012,Peru,1996,0.306573503,0.260627141,5474.064588
1013,Qatar,1996,2.548231731,52.89396209,42008.11347
1014,Romania,1996,0.575077706,0.303624013,7801.288687
1015,Russia,1996,0.8763482340000001,2.040140036,7543.840316
1016,Saudi Arabia,1996,2.9781791330000003,23.70664469,20772.356190000002
1017,Thailand,1996,0.60732071,0.06783897900000001,6001.238003
1018,Turkmenistan,1996,0.697567068,1.0204583740000002,3028.606363
1019,United Arab Emirates,1996,7.244593031,47.60686427,29286.30885
1020,United Kingdom,1996,1.443096896,2.230879994,25328.77116
1021,United States,1996,3.105292419,1.418302166,35806.99679
1022,Uzbekistan,1996,0.284613499,0.326502438,1461.975812
1023,Venezuela,1996,0.845406033,7.34149516,9725.53456
1024,Algeria,1997,0.27309177100000004,2.062926896,4797.295051
1025,Argentina,1997,0.592609326,1.214774533,10967.28195
1026,Australia,1997,1.999443675,1.622617576,26997.936569999998
1027,Azerbaijan,1997,0.71294157,1.14068124,1943.285094
1028,Brazil,1997,0.520341235,0.272688272,7957.980823999999
1029,Canada,1997,2.855186233,4.04365706,28954.92589
1030,China,1997,0.158377042,0.12936140699999998,2653.300577
1031,Colombia,1997,0.325929382,0.9222409979999999,6117.3617460000005
1032,Denmark,1997,2.098692353,2.123756474,29490.37328
1033,Ecuador,1997,0.553507494,1.790734125,7429.455876999999
1034,Egypt,1997,0.40439511899999997,0.682122758,4173.181797
1035,India,1997,0.086454745,0.035565149,1475.053148
1036,Indonesia,1997,0.223652708,0.369208318,3119.335603
1037,Iran,1997,0.965214517,3.0176815739999996,8129.182798000001
1038,Italy,1997,1.662046502,0.10455577,24675.02446
1039,Kazakhstan,1997,0.66517332,1.664806119,4709.057407
1040,Kuwait,1997,4.121366776,62.61227427,40300.61996
1041,Malaysia,1997,0.929412067,1.537893002,10132.90964
1042,Mexico,1997,0.8284355170000001,1.7772117219999999,9767.29753
1043,Norway,1997,2.325200834,35.40903732,40658.933189999996
1044,Peru,1997,0.297843028,0.252545308,5838.347657
1045,Qatar,1997,2.651351111,62.92318051,52938.65287
1046,Romania,1997,0.608000177,0.300461322,7346.547556999999
1047,Russia,1997,0.871477202,2.075209306,7662.111298000001
1048,Saudi Arabia,1997,3.025930254,23.82648713,20586.69019
1049,Thailand,1997,0.600734384,0.079544508,5852.625497
1050,Turkmenistan,1997,0.7050291390000001,1.23800995,2631.317995
1051,United Arab Emirates,1997,6.809209645,46.74052146,29989.448480000003
1052,United Kingdom,1997,1.394542419,2.1928274169999997,26074.53136
1053,United States,1997,3.110374906,1.393653635,36847.813369999996
1054,Uzbekistan,1997,0.298083651,0.332228543,1513.434589
1055,Venezuela,1997,0.886586711,7.593601852000001,10165.49518
1056,Algeria,1998,0.27691193399999997,2.0819450390000003,4965.2283609999995
1057,Argentina,1998,0.610771237,1.218444864,11272.74873
1058,Australia,1998,1.976687545,1.526981775,28169.153410000003
1059,Azerbaijan,1998,0.7450178340000001,1.435494646,2132.381247
1060,Brazil,1998,0.53138441,0.31062064899999997,7860.552245999999
1061,Canada,1998,2.8805233660000003,4.153816173,29837.45806
1062,China,1998,0.157760465,0.128244528,2635.55228
1063,Colombia,1998,0.311531756,1.051243682,6041.411985
1064,Denmark,1998,2.017114718,2.188471508,30058.99069
1065,Ecuador,1998,0.55528678,1.70916792,7319.007536
1066,Egypt,1998,0.418424963,0.657824615,4316.709553
1067,India,1998,0.09084891699999999,0.034065766000000004,1543.117596
1068,Indonesia,1998,0.209493598,0.35700911799999996,2656.4106070000003
1069,Iran,1998,0.910927516,3.021992591,8184.545870999999
1070,Italy,1998,1.6655666669999998,0.09888917300000001,25409.99448
1071,Kazakhstan,1998,0.556822454,1.699618655,4691.519132
1072,Kuwait,1998,5.167566011,62.37098405,38056.53405
1073,Malaysia,1998,0.842032245,1.5241669930000001,9191.521687999999
1074,Mexico,1998,0.853962364,1.7883580030000001,10108.7721
1075,Norway,1998,2.248579039,33.69944879999999,41357.930389999994
1076,Peru,1998,0.294627375,0.23944356600000002,5745.320552
1077,Qatar,1998,2.625594904,61.13333862,57390.746660000004
1078,Romania,1998,0.534941137,0.292903515,7008.398827
1079,Russia,1998,0.837229502,2.059841767,7268.488052
1080,Saudi Arabia,1998,3.1883431019999997,23.59754498,20353.6982
1081,Thailand,1998,0.535059927,0.081036245,5183.9146789999995
1082,Turkmenistan,1998,0.7701420590000001,1.449050154,2764.273141
1083,United Arab Emirates,1998,5.223740037,45.45314871,28676.18961
1084,United Kingdom,1998,1.378966013,2.26769493,26773.33027
1085,United States,1998,3.129708662,1.333900129,37811.67837
1086,Uzbekistan,1998,0.29348342899999996,0.338867464,1554.927711
1087,Venezuela,1998,0.9209651940000001,7.666466108,10014.50845
1088,Algeria,1999,0.26944407800000003,2.123990125,5048.6155659999995
1089,Argentina,1999,0.574532261,1.144445245,10771.0783
1090,Australia,1999,2.0067665569999997,1.4691678609999999,28983.2672
1091,Azerbaijan,1999,0.7117524479999999,1.7229086269999998,2285.6955559999997
1092,Brazil,1999,0.5381662660000001,0.345938465,7818.961728
1093,Canada,1999,2.869652051,3.982275347,31154.856460000003
1094,China,1999,0.16642146300000002,0.127211536,2784.394684
1095,Colombia,1999,0.271848562,1.117720522,5680.8817340000005
1096,Denmark,1999,2.00132018,2.738613641,30767.674
1097,Ecuador,1999,0.496123372,1.673808919,6670.5883109999995
1098,Egypt,1999,0.418495314,0.622371087,4482.93753
1099,India,1999,0.096793399,0.033402857,1606.866972
1100,Indonesia,1999,0.22212538699999998,0.325739251,2627.017072
1101,Iran,1999,0.914223705,2.7710342480000003,8260.178616
1102,Italy,1999,1.659660584,0.088177875,26128.82464
1103,Kazakhstan,1999,0.464117978,1.997762686,4870.086404
1104,Kuwait,1999,5.5470093160000005,55.22044124,36011.2695
1105,Malaysia,1999,0.8787164759999999,1.4174243309999999,9553.516273000001
1106,Mexico,1999,0.83605639,1.679890291,10358.796859999999
1107,Norway,1999,2.2507291190000003,33.51656132,42008.30131
1108,Peru,1999,0.295974143,0.216430013,5704.593812
1109,Qatar,1999,2.435643217,60.15090384,57836.837510000005
1110,Romania,1999,0.425262839,0.286276029,6935.169981
1111,Russia,1999,0.856832136,2.06921566,7757.866564
1112,Saudi Arabia,1999,3.240166683,21.57314301,19635.304930000002
1113,Thailand,1999,0.5347016139999999,0.08726392,5366.09671
1114,Turkmenistan,1999,0.8072949620000001,1.587395411,3159.585824
1115,United Arab Emirates,1999,4.736216784,41.49854432,28251.704360000003
1116,United Kingdom,1999,1.352907591,2.342213916,27467.506260000002
1117,United States,1999,3.182570371,1.262452991,38912.58178
1118,Uzbekistan,1999,0.283864293,0.331025162,1597.633618
1119,Venezuela,1999,0.892230175,6.734729184,9245.232662
1120,Algeria,2000,0.278314277,2.187311797,5098.853564
1121,Argentina,2000,0.548865715,1.094880798,10571.36362
1122,Australia,2000,1.967768175,1.9561742130000002,29241.5145
1123,Azerbaijan,2000,0.779831835,1.7346172469999999,2533.170154
1124,Brazil,2000,0.525159652,0.382803359,8056.060915000001
1125,Canada,2000,2.8716193910000003,4.139612655,32448.60764
1126,China,2000,0.176209165,0.128136361,3012.123972
1127,Colombia,2000,0.262824574,0.93251659,5749.552012
1128,Denmark,2000,1.940068932,3.322042778,31805.535310000003
1129,Ecuador,2000,0.47087802100000004,1.764825481,5616.418804
1130,Egypt,2000,0.40207887200000003,0.573553685,4629.459003
1131,India,2000,0.100718465,0.032416796,1648.2087800000002
1132,Indonesia,2000,0.237596348,0.33491809899999997,2714.9439039999997
1133,Iran,2000,0.956988334,2.925217305,8600.733745
1134,Italy,2000,1.641218195,0.08047544200000001,27160.46843
1135,Kazakhstan,2000,0.494761743,2.361283851,5366.02455
1136,Kuwait,2000,5.351955342,56.71202131,36397.95992
1137,Malaysia,2000,0.858668125,1.3667044380000002,10161.49457
1138,Mexico,2000,0.8570062820000001,1.714836211,10894.51448
1139,Norway,2000,2.088687265,35.6691199,43174.48117
1140,Peru,2000,0.285091339,0.199024626,5791.372109
1141,Qatar,2000,2.5061095819999997,61.12212248,60394.43245
1142,Romania,2000,0.44967297,0.283304335,7089.8302109999995
1143,Russia,2000,0.841660465,2.202817318,8570.996315
1144,Saudi Arabia,2000,3.396804265,22.70067838,20001.87326
1145,Thailand,2000,0.502461965,0.11061421800000001,5578.402897999999
1146,Turkmenistan,2000,0.7893066609999999,1.5906095390000001,3289.742427
1147,United Arab Emirates,2000,4.213956791,40.24501983,30012.31775
1148,United Kingdom,2000,1.334542308,2.144320908,28644.71245
1149,United States,2000,3.177531759,1.24815425,39758.499110000004
1150,Uzbekistan,2000,0.269095292,0.302717067,1635.215381
1151,Venezuela,2000,0.923924722,6.869771042999999,9434.237476
1152,Algeria,2001,0.283872547,2.122217605,5156.447405
1153,Argentina,2001,0.512276569,1.1135293240000002,9992.710539
1154,Australia,2001,1.966031905,1.781377536,30043.242769999997
1155,Azerbaijan,2001,0.487214495,1.8286108559999998,2775.739802
1156,Brazil,2001,0.525169556,0.39636419100000003,8022.523305
1157,Canada,2001,2.923541513,4.071319538,32570.566460000002
1158,China,2001,0.178328784,0.12898468800000001,3309.79598
1159,Colombia,2001,0.273683554,0.8058955879999999,5737.997823
1160,Denmark,2001,1.833812386,3.166250437,31964.40054
1161,Ecuador,2001,0.47370801,1.7608671530000002,5812.302012
1162,Egypt,2001,0.37861438700000005,0.542111582,4697.571371
1163,India,2001,0.099838127,0.031817079,1714.1506940000002
1164,Indonesia,2001,0.23846351699999999,0.313874781,2787.526232
1165,Iran,2001,0.9439041220000001,2.853797337,8834.252298000001
1166,Italy,2001,1.622382292,0.072168818,27779.73034
1167,Kazakhstan,2001,0.597409017,2.691092685,6082.300961
1168,Kuwait,2001,5.249334688999999,53.17186665,35249.64079
1169,Malaysia,2001,0.847169959,1.301501182,9994.615478
1170,Mexico,2001,0.83873861,1.7451546759999998,10763.080909999999
1171,Norway,2001,2.139145002,35.89461515,43887.58522
1172,Peru,2001,0.265896261,0.191726463,5714.895327
1173,Qatar,2001,2.7809892819999997,58.69455716,59277.981739999996
1174,Romania,2001,0.479818853,0.282262354,7501.928628000001
1175,Russia,2001,0.8367442690000001,2.38153976,9052.543761
1176,Saudi Arabia,2001,3.352720702,21.24478214,19528.5007
1177,Thailand,2001,0.47933548299999995,0.117759962,5656.198985
1178,Turkmenistan,2001,0.8098007420000001,1.761745022,3361.403261
1179,United Arab Emirates,2001,4.648445438,37.46338393,29446.25707
1180,United Kingdom,2001,1.3273233629999999,1.97434295,28978.41437
1181,United States,2001,3.1381067560000004,1.22292884,39474.1064
1182,Uzbekistan,2001,0.260516736,0.286552437,1681.658718
1183,Venezuela,2001,0.999649707,6.514458063999999,9604.520364
1184,Algeria,2002,0.30990544800000003,2.254765687,5288.040382
1185,Argentina,2002,0.454280626,1.086149931,8797.640716
1186,Australia,2002,1.9368445840000001,1.750023505,30687.75473
1187,Azerbaijan,2002,0.442619379,1.863349086,3059.179927
1188,Brazil,2002,0.511050619,0.438422187,8131.212843000001
1189,Canada,2002,2.948078922,4.3154817560000005,33328.96507
1190,China,2002,0.19239793,0.129762512,3695.649982
1191,Colombia,2002,0.24351153600000003,0.759698157,5755.259962
1192,Denmark,2002,1.785120101,3.3664306280000003,32039.008189999997
1193,Ecuador,2002,0.46172228299999996,1.66819228,5773.0445119999995
1194,Egypt,2002,0.359731135,0.526686054,4754.604414
1195,India,2002,0.10219767199999999,0.032370893,1754.0344120000002
1196,Indonesia,2002,0.247252859,0.28770592899999997,2873.91287
1197,Iran,2002,0.9984194390000001,2.631578731,9184.109982
1198,Italy,2002,1.615631835,0.0961932,27968.098169999997
1199,Kazakhstan,2002,0.624091167,3.231315902,6667.304371
1200,Kuwait,2002,5.524162533999999,47.93133177,35110.10566
1201,Malaysia,2002,0.9012260209999999,1.3302084029999999,10206.97794
1202,Mexico,2002,0.793897525,1.740294541,10742.44053
1203,Norway,2002,2.079989876,34.68436677,44429.397919999996
1204,Peru,2002,0.260428698,0.189194723,5909.020073
1205,Qatar,2002,3.7681860639999996,56.46031688,60016.002389999994
1206,Romania,2002,0.483626637,0.27586481399999996,7885.360081
1207,Russia,2002,0.8486826820000001,2.608582558,9532.009977
1208,Saudi Arabia,2002,3.288043343,19.76045397,19014.54118
1209,Thailand,2002,0.511687813,0.126148703,5913.187529
1210,Turkmenistan,2002,0.834548345,1.9586560530000001,3359.352561
1211,United Arab Emirates,2002,4.869893947,33.85076249,28728.96185
1212,United Kingdom,2002,1.315116922,1.953893776,29478.99919
1213,United States,2002,3.1107788480000003,1.202388629,39535.84457
1214,Uzbekistan,2002,0.24906006,0.284787024,1724.295507
1215,Venezuela,2002,1.0670138679999999,5.88693218,8605.047831
1216,Algeria,2003,0.317546244,2.475601049,5576.8515640000005
1217,Argentina,2003,0.462037421,1.058991453,9481.372262
1218,Australia,2003,1.9291717990000001,1.497353177,31634.242430000002
1219,Azerbaijan,2003,0.509984024,1.853467217,3387.790782
1220,Brazil,2003,0.48337512299999996,0.447869529,8110.411789
1221,Canada,2003,3.034557535,4.512586476,33635.25438
1222,China,2003,0.21007785899999998,0.131116003,4228.975907
1223,Colombia,2003,0.239361176,0.701099182,5885.51966
1224,Denmark,2003,1.714555166,3.33053907,32089.73518
1225,Ecuador,2003,0.474515229,1.74715553,5910.998347
1226,Egypt,2003,0.362525428,0.514137142,4814.3903549999995
1227,India,2003,0.102240223,0.031998786,1872.3836260000003
1228,Indonesia,2003,0.24348232600000003,0.25842356899999996,2984.3102910000002
1229,Iran,2003,1.043051088,2.9087386239999997,9725.284527
1230,Italy,2003,1.5912220330000002,0.096259644,27839.64196
1231,Kazakhstan,2003,0.588271786,3.503693277,7272.720533
1232,Kuwait,2003,5.716136932,54.43274996,39560.78925
1233,Malaysia,2003,0.8679040029999999,1.3735099880000001,10597.63683
1234,Mexico,2003,0.80520627,1.818594254,10778.207709999999
1235,Norway,2003,2.177394234,33.56194141,44766.70981
1236,Peru,2003,0.242789306,0.175185376,6054.905034
1237,Qatar,2003,3.1905126239999997,62.39852014,58706.15157
1238,Romania,2003,0.429868553,0.26863934,8280.636773
1239,Russia,2003,0.851557155,2.908356129,10288.44493
1240,Saudi Arabia,2003,3.381980267,21.66176057,19945.47406
1241,Thailand,2003,0.536482353,0.146717398,6273.005406
1242,Turkmenistan,2003,0.906858822,2.15236433,3522.7416380000004
1243,United Arab Emirates,2003,4.801586847,36.621514700000006,30646.11064
1244,United Kingdom,2003,1.325926782,1.7796185230000001,30204.15431
1245,United States,2003,3.131791065,1.161769071,40044.18458
1246,Uzbekistan,2003,0.280507748,0.279880038,1771.188686
1247,Venezuela,2003,0.855636608,5.104797231,7810.970816
1248,Algeria,2004,0.327138668,2.579049148,5790.967692
1249,Argentina,2004,0.47993288,0.985604989,10232.09685
1250,Australia,2004,1.9295474259999998,1.289308466,32098.50615
1251,Azerbaijan,2004,0.5399975570000001,1.8445297619999999,3760.1055770000003
1252,Brazil,2004,0.48057900200000003,0.439329979,8461.498669
1253,Canada,2004,3.1505523560000004,4.61973406,34346.96551
1254,China,2004,0.24517817600000003,0.133828545,4551.126044
1255,Colombia,2004,0.238393518,0.676338908,6080.32445
1256,Denmark,2004,1.6767649080000002,3.5289669939999997,32694.601469999998
1257,Ecuador,2004,0.47956498,2.162078927,6311.012684
1258,Egypt,2004,0.36819274799999996,0.48582608200000005,4919.695457
1259,India,2004,0.106993715,0.032358223,1981.021662
1260,Indonesia,2004,0.258592543,0.24596750899999997,3095.790918
1261,Iran,2004,1.0691556999999998,3.002515452,10298.347829999999
1262,Italy,2004,1.538846208,0.09386620300000001,27887.57345
1263,Kazakhstan,2004,0.597867923,4.026042595,7930.085054000001
1264,Kuwait,2004,6.266770496,56.36186305,42275.63876
1265,Malaysia,2004,0.873981949,1.387439047,11119.90273
1266,Mexico,2004,0.81028782,1.814678045,11118.68976
1267,Norway,2004,2.098399057,32.67538516,46387.24852
1268,Peru,2004,0.264331153,0.171268991,6161.248424
1269,Qatar,2004,3.182969631,64.38407259,67458.35962
1270,Romania,2004,0.496858266,0.26115500399999997,8994.489819
1271,Russia,2004,0.85456739,3.179367995,11090.77402
1272,Saudi Arabia,2004,3.423536215,21.72441119,20481.97551
1273,Thailand,2004,0.5919584210000001,0.137440191,6620.033558
1274,Turkmenistan,2004,0.896999236,2.043744522,3967.581844
1275,United Arab Emirates,2004,4.74297452,36.01253764,32181.9396
1276,United Kingdom,2004,1.3641102180000002,1.5924386830000001,31097.5219
1277,United States,2004,3.22635885,1.119394853,40956.40134
1278,Uzbekistan,2004,0.253849085,0.255871787,1876.6012739999999
1279,Venezuela,2004,0.923747005,5.542018406,9121.430347
1280,Algeria,2005,0.3356618,2.628207551,6011.0
1281,Argentina,2005,0.508693842,0.9369486029999999,11063.0
1282,Australia,2005,1.9525274069999998,1.253919871,32798.0
1283,Azerbaijan,2005,0.622620053,2.608273825,4648.0
1284,Brazil,2005,0.484690306,0.480279484,8596.0
1285,Canada,2005,3.1080047210000004,4.489155,35078.0
1286,China,2005,0.25069490899999997,0.138692111,4909.2
1287,Colombia,2005,0.24018255100000002,0.6652801970000001,6306.0
1288,Denmark,2005,1.701835096,3.3899841210000003,33626.0
1289,Ecuador,2005,0.561812167,2.1451893230000003,6533.0
1290,Egypt,2005,0.40185590299999996,0.45685352,5049.0
1291,India,2005,0.104887284,0.030356752999999997,2126.0
1292,Indonesia,2005,0.25605944,0.233796723,3234.0
1293,Iran,2005,1.108095153,2.941137439,10692.0
1294,Italy,2005,1.477283422,0.104156714,27750.0
1295,Kazakhstan,2005,0.659117356,4.127017187,8699.0
1296,Kuwait,2005,6.725500814,57.58930096,44947.0
1297,Malaysia,2005,0.825011846,1.250352228,11466.0
1298,Mexico,2005,0.8234206479999999,1.7587462459999998,11317.0
1299,Norway,2005,2.100686566,29.89616991,47551.0
1300,Peru,2005,0.255659605,0.18790845399999997,6466.0
1301,Qatar,2005,3.280634505,57.59694284,68696.0
1302,Romania,2005,0.48268974600000003,0.24972729600000002,9374.0
1303,Russia,2005,0.847261231,3.267351998,11861.0
1304,Saudi Arabia,2005,3.451934885,21.83221962,21220.0
1305,Thailand,2005,0.60536017,0.162480249,6869.0
1306,Turkmenistan,2005,0.92610554,2.000699687,4247.0
1307,United Arab Emirates,2005,4.487204219,33.73456245,33487.0
1308,United Kingdom,2005,1.378840281,1.407263971,31580.0
1309,United States,2005,3.2052188239999997,1.055524186,41674.0
1310,Uzbekistan,2005,0.211119305,0.21000166,1975.0
1311,Venezuela,2005,0.972907265,5.792515017,9876.0
1312,Algeria,2006,0.344978314,2.581520087,6022.270939999999
1313,Argentina,2006,0.5267536389999999,0.9165481520000001,11865.5823
1314,Australia,2006,1.996413375,1.147272259,33204.15573
1315,Azerbaijan,2006,0.5594871539999999,3.731228278,6174.304029999999
1316,Brazil,2006,0.493850676,0.5011882329999999,8842.429401000001
1317,Canada,2006,3.052638597,4.699988675,35644.473289999994
1318,China,2006,0.263274148,0.140550976,5502.395990999999
1319,Colombia,2006,0.24818251100000002,0.659970162,6648.236011999999
1320,Denmark,2006,1.710749408,3.062155384,34664.66575
1321,Ecuador,2006,0.60160738,2.126100725,6721.1004140000005
1322,Egypt,2006,0.379311722,0.445291635,5296.187368
1323,India,2006,0.104064814,0.030920318999999998,2292.640805
1324,Indonesia,2006,0.23997344199999998,0.212669515,3363.927796
1325,Iran,2006,1.144223706,2.945313335,11177.95985
1326,Italy,2006,1.467500309,0.097643787,28220.537860000004
1327,Kazakhstan,2006,0.715309548,4.317382596,9538.347526000001
1328,Kuwait,2006,5.773332608,56.90482356,45415.62198
1329,Malaysia,2006,0.7916417590000001,1.1632300740000001,11946.34161
1330,Mexico,2006,0.8052668009999999,1.6995878359999999,11739.70775
1331,Norway,2006,2.140109818,27.56842299,48221.98627
1332,Peru,2006,0.243447527,0.192260321,6860.370006
1333,Qatar,2006,3.340331951,52.035371399999995,73921.14584
1334,Romania,2006,0.475048001,0.23017552300000002,10128.11945
1335,Russia,2006,0.885499727,3.3483960919999998,12881.82662
1336,Saudi Arabia,2006,3.526032769,20.66334153,21667.79706
1337,Thailand,2006,0.583576795,0.17503083600000002,7171.648618000001
1338,Turkmenistan,2006,1.095203575,1.915929433,4638.555896
1339,United Arab Emirates,2006,4.183602389,31.19851699,35388.8569
1340,United Kingdom,2006,1.359754527,1.264951862,32214.65115
1341,United States,2006,3.150582247,1.0355940190000001,42378.84536
1342,Uzbekistan,2006,0.19505046399999998,0.20645670100000002,2095.2758010000002
1343,Venezuela,2006,1.010225915,5.572185847,10707.2495
1344,Algeria,2007,0.380591215,2.550594493,6133.782763
1345,Argentina,2007,0.589127111,0.8875995659999999,12748.36362
1346,Australia,2007,1.975959835,1.169822903,34196.81242
1347,Azerbaijan,2007,0.509692085,4.850248475,7617.241876000001
1348,Brazil,2007,0.525743489,0.503165015,9290.118627
1349,Canada,2007,3.118106515,4.808814334,36002.32901
1350,China,2007,0.274536179,0.140991863,6249.291445000001
1351,Colombia,2007,0.24029846300000002,0.652868531,7022.768022
1352,Denmark,2007,1.6955164719999998,2.773384432,35086.62945
1353,Ecuador,2007,0.642814177,1.998693269,6767.331536
1354,Egypt,2007,0.39718450299999997,0.443323409,5494.335078
1355,India,2007,0.10947964800000001,0.030780982000000002,2488.32885
1356,Indonesia,2007,0.24242808,0.204515554,3527.070203
1357,Iran,2007,1.138649009,2.933934505,11759.19665
1358,Italy,2007,1.411440575,0.098503674,28511.28973
1359,Kazakhstan,2007,0.749969001,4.418896294,10267.45401
1360,Kuwait,2007,5.572449422,53.07157209,45069.24819
1361,Malaysia,2007,0.8150914290000001,1.1710324029999999,12533.226040000001
1362,Mexico,2007,0.818101803,1.5833149030000002,11924.458990000001
1363,Norway,2007,2.154276479,25.11166956,48979.06288
1364,Peru,2007,0.25123270600000003,0.187832759,7317.635887
1365,Qatar,2007,3.368326215,45.49774676,74095.38064
1366,Romania,2007,0.477618593,0.219220374,10779.84707
1367,Russia,2007,0.880814588,3.4286461860000004,14020.458040000001
1368,Saudi Arabia,2007,3.768907884,19.30554603,22212.03432
1369,Thailand,2007,0.56337803,0.184818323,7508.367883
1370,Turkmenistan,2007,1.109415348,2.01694107,5070.322954
1371,United Arab Emirates,2007,3.8212641439999997,26.0359467,35530.77986
1372,United Kingdom,2007,1.30125267,1.2616938770000001,33165.20164
1373,United States,2007,3.117270453,1.024717185,42764.22125
1374,Uzbekistan,2007,0.204490422,0.18593537,2259.8702670000002
1375,Venezuela,2007,1.087567702,5.513471609,11453.17562
1376,Algeria,2008,0.40701982700000006,2.4869323430000003,6162.71984
1377,Argentina,2008,0.609841096,0.8592329129999999,13457.94875
1378,Australia,2008,1.9736668769999999,1.132143203,34444.333060000004
1379,Azerbaijan,2008,0.37348495,5.00341026,8330.512625
1380,Brazil,2008,0.549986565,0.518122269,9681.548354999999
1381,Canada,2008,3.0613823160000004,4.677759343,35978.20955
1382,China,2008,0.282855321,0.14337356699999998,6816.668675
1383,Colombia,2008,0.238275829,0.71095009,7186.0910109999995
1384,Denmark,2008,1.6240664530000002,2.553065935,34629.1012
1385,Ecuador,2008,0.660192335,1.950299866,7091.735864
1386,Egypt,2008,0.41645335200000005,0.442269425,5762.259443
1387,India,2008,0.113372339,0.030343524,2605.770925
1388,Indonesia,2008,0.244124525,0.208456998,3686.6030539999997
1389,Iran,2008,1.151864361,2.946157222,11679.1893
1390,Italy,2008,1.350843248,0.08742312099999999,27950.952039999996
1391,Kazakhstan,2008,0.69579412,4.602255651,10477.18275
1392,Kuwait,2008,5.993684543,53.29453855,45620.59639
1393,Malaysia,2008,0.792699646,1.165429166,12969.67415
1394,Mexico,2008,0.8138076190000001,1.425050546,11870.95703
1395,Norway,2008,2.040759086,23.89476698,48321.90584
1396,Peru,2008,0.276193888,0.19350496399999997,7912.557759
1397,Qatar,2008,3.3201660389999996,43.58228237,73806.56813
1398,Romania,2008,0.490595355,0.21857803,11590.78046
1399,Russia,2008,0.9110737609999999,3.4120995489999997,14756.216869999998
1400,Saudi Arabia,2008,3.982363765,19.62349325,23293.77485
1401,Thailand,2008,0.538253716,0.19414511399999998,7652.231674
1402,Turkmenistan,2008,1.117902056,2.094178672,5726.436282
1403,United Arab Emirates,2008,3.692346063,23.02222037,35246.69377
1404,United Kingdom,2008,1.284173505,1.169636495,32623.51605
1405,United States,2008,2.900202094,0.9998555240000001,42226.580030000005
1406,Uzbekistan,2008,0.205778806,0.178315852,2428.7499510000002
1407,Venezuela,2008,1.159424517,5.49074398,11862.322
1408,Algeria,2009,0.42632127,2.227368745,6173.729740999999
1409,Argentina,2009,0.591576106,0.8430844390000001,13420.78925
1410,Australia,2009,1.9267382880000001,1.030713849,34389.09927
1411,Azerbaijan,2009,0.352943616,5.584130507999999,8985.408113
1412,Brazil,2009,0.55369665,0.548731387,9564.568718999999
1413,Canada,2009,2.883406332,4.63436683,34545.50306
1414,China,2009,0.29080637800000003,0.14194977,7408.620677
1415,Colombia,2009,0.22999057899999997,0.784710848,7219.102653
1416,Denmark,2009,1.538496625,2.335425387,32455.54682
1417,Ecuador,2009,0.7081971220000001,1.846936481,7059.57492
1418,Egypt,2009,0.431530839,0.44231911,5898.226086
1419,India,2009,0.12502686699999999,0.02934157,2699.732953
1420,Indonesia,2009,0.24935292899999997,0.20193250899999998,3803.0164369999998
1421,Iran,2009,1.163567384,2.789150538,11971.14474
1422,Italy,2009,1.246500876,0.075889994,26227.92541
1423,Kazakhstan,2009,0.763836038,4.937419482,10463.212440000001
1424,Kuwait,2009,6.499675394,45.70608349,41868.142810000005
1425,Malaysia,2009,0.87658427,1.094476471,12527.0737
1426,Mexico,2009,0.789943218,1.31603712,10980.00275
1427,Norway,2009,2.130739706,22.50643417,47116.844789999996
1428,Peru,2009,0.281590627,0.23112316800000002,7859.032504000001
1429,Qatar,2009,3.880420462,36.21788452,73031.84665
1430,Romania,2009,0.42716750000000003,0.20884776300000002,10844.813240000001
1431,Russia,2009,0.945031072,3.454724648,13614.7661
1432,Saudi Arabia,2009,4.37164911,17.26045284,22943.13849
1433,Thailand,2009,0.726281713,0.199261238,7458.024057
1434,Turkmenistan,2009,1.084408772,2.088490969,5981.927686999999
1435,United Arab Emirates,2009,4.294681441,18.20276959,31561.16692
1436,United Kingdom,2009,1.206767337,1.106170952,31127.307910000003
1437,United States,2009,2.7079490969999997,1.068041758,40576.8876
1438,Uzbekistan,2009,0.176938545,0.164221087,2583.564797
1439,Venezuela,2009,1.1816305329999999,5.255472538999999,11299.31922
1440,Algeria,2010,0.420094525,2.128698919,6300.648214
1441,Argentina,2010,0.635943801,0.805436105,14486.6366
1442,Australia,2010,1.913026109,1.1059282609999999,34884.76376
1443,Azerbaijan,2010,0.35917261,5.533239085,9325.554448
1444,Brazil,2010,0.5996517889999999,0.573012423,10195.44815
1445,Canada,2010,3.0073558510000002,4.832021965,35219.34297
1446,China,2010,0.319532369,0.15135218,8143.482408
1447,Colombia,2010,0.237607469,0.9049893390000001,7417.802828
1448,Denmark,2010,1.5675274609999998,2.190318013,32828.74123
1449,Ecuador,2010,0.7328165409999999,1.8210730130000001,7182.70775
1450,Egypt,2010,0.44747926600000004,0.43183467600000003,6059.975993999999
1451,India,2010,0.126978752,0.031766327999999996,2961.1733600000002
1452,Indonesia,2010,0.24846695100000002,0.201486155,3982.910268
1453,Iran,2010,1.162576448,2.7996470319999998,12483.19957
1454,Italy,2010,1.207249814,0.08432895900000001,26549.34432
1455,Kazakhstan,2010,0.779964667,5.0945357730000005,11040.26145
1456,Kuwait,2010,6.467567888,44.83060623,39766.96425
1457,Malaysia,2010,0.8908131709999999,1.050149594,13185.435529999999
1458,Mexico,2010,0.770566504,1.289683256,11390.583540000001
1459,Norway,2010,2.191226044,20.184244399999997,46595.821130000004
1460,Peru,2010,0.288892973,0.247344586,8419.905659999999
1461,Qatar,2010,4.207430892,37.34690914,82181.86737
1462,Romania,2010,0.423524289,0.19952182699999998,10738.963940000001
1463,Russia,2010,1.032469884,3.5334113310000004,14207.518180000001
1464,Saudi Arabia,2010,4.572267808,16.99767318,23841.28888
1465,Thailand,2010,0.726249675,0.199936211,7996.075059000001
1466,Turkmenistan,2010,1.11067147,2.120430505,6427.023204
1467,United Arab Emirates,2010,4.299964455,17.49538327,31040.25452
1468,United Kingdom,2010,1.188028094,1.0149499709999998,31448.18228
1469,United States,2010,2.738543683,1.095144244,41230.56986
1470,Uzbekistan,2010,0.182184525,0.132969489,2753.9894170000002
1471,Venezuela,2010,1.214636773,4.918500592,10956.60355
